"選択列","索引","セッションのメインのチャネル グループ（デフォルト チャネル グループ）
セッションのメインのチャネル …ォルト チャネル グループ）","セッション","エンゲージのあったセッション数","エンゲージメント率","セッションあたりの平均エンゲージメント時間","セッションあたりのイベント数","イベント数
すべてのイベント
すべてのイベント","キーイベント
すべてのイベント
すべてのイベント","セッション キーイベント率
すべてのイベント
すべてのイベント","合計収益"
"[] の [総計] セルが空です","[インデックス] 列の [総計] セルが空です","合計","1,971
全体の 100%","658
全体の 100%","33.38%
平均との差 0%","27 秒
平均との差 0%","5.61
平均との差 0%","11,067
全体の 100%","[キーイベント] 列の [総計] セルが空です
0.00","[セッション キーイベント率] 列の [総計] セルが空です
0%","[合計収益] 列の [総計] セルが空です
¥0"






