"国","クリック数","表示回数","CTR","掲載順位"
"日本","381","7,063","5.4%","7.6"
"オーストラリア","11","186","5.9%","7.4"
"米国","7","568","1.2%","9.3"
"イタリア","3","130","2.3%","7.8"
"インド","2","57","3.5%","7.3"
"タイ","2","39","5.1%","7.4"
"香港","2","39","5.1%","8.3"
"スイス連邦","2","38","5.3%","6.1"
"ベルギー","2","25","8%","6.9"
"チェキア","2","22","9.1%","4.3"
"イスラエル","2","21","9.5%","4.0"
"スロベニア","2","14","14.3%","4.9"
"ペルー","2","6","33.3%","6.3"
"イギリス","1","209","0.5%","8.5"
"フランス","1","102","1%","10.0"
"カナダ","1","72","1.4%","7.8"
"シンガポール","1","71","1.4%","7.9"
"韓国","1","64","1.6%","8.1"
"スペイン","1","48","2.1%","8.5"
"ブラジル","1","42","2.4%","7.2"
"インドネシア","1","31","3.2%","6.2"
"マレーシア","1","31","3.2%","12.1"
"ポーランド","1","29","3.4%","7.3"
"ロシア","1","29","3.4%","7.6"
"アイルランド","1","24","4.2%","7.0"
"フィンランド","1","20","5%","6.8"
"スウェーデン","1","18","5.6%","4.7"
"メキシコ","1","18","5.6%","5.9"
"中国","1","18","5.6%","7.6"
"ベトナム","1","16","6.2%","9.8"
"アラブ首長国連邦","1","8","12.5%","4.0"
"ドイツ","0","148","0%","8.1"
"オランダ","0","105","0%","8.3"
"台湾","0","42","0%","9.7"
"フィリピン","0","31","0%","7.8"
"オーストリア","0","27","0%","10.8"
"ニュージーランド","0","22","0%","6.6"
"ポルトガル","0","13","0%","5.8"
"トルコ","0","12","0%","12.6"
"チリ","0","11","0%","7.2"
"ギリシャ","0","11","0%","7.8"
"アルゼンチン","0","11","0%","8.3"
"ノルウェー","0","9","0%","5.4"
"ルーマニア","0","9","0%","5.4"
"コロンビア","0","9","0%","6.9"
"ハンガリー","0","8","0%","5.8"
"スリランカ","0","8","0%","7.2"
"デンマーク","0","7","0%","5.1"
"セルビア","0","7","0%","7.9"
"リトアニア","0","7","0%","8.9"
"グルジア","0","5","0%","6.4"
"ブルガリア","0","5","0%","6.6"
"バングラディッシュ","0","5","0%","8.2"
"ウクライナ","0","5","0%","19.4"
"エジプト","0","4","0%","4.2"
"クロアチア","0","4","0%","4.5"
"ラトビア","0","4","0%","5.5"
"エストニア","0","4","0%","6.8"
"カザフスタン","0","4","0%","7.0"
"イラク","0","4","0%","9.0"
"ケニア","0","3","0%","4.3"
"ウガンダ","0","3","0%","4.7"
"南アフリカ","0","3","0%","5.0"
"パキスタン","0","3","0%","5.3"
"モンゴル","0","3","0%","7.0"
"エクアドル","0","3","0%","7.3"
"アイスランド","0","3","0%","7.7"
"イラン","0","2","0%","2.5"
"カタール","0","2","0%","4.0"
"アルジェリア","0","2","0%","5.0"
"マルタ","0","2","0%","5.0"
"モロッコ","0","2","0%","5.5"
"モンテネグロ","0","2","0%","5.5"
"ルクセンブルグ","0","2","0%","6.5"
"アゼルバイジャン","0","2","0%","8.0"
"キプロス","0","2","0%","8.0"
"クウェート","0","2","0%","8.5"
"プエルトリコ","0","2","0%","8.5"
"ガーナ","0","2","0%","11.0"
"オマーン","0","2","0%","11.5"
"マラウイ","0","1","0%","2.0"
"ボリビア","0","1","0%","4.0"
"レバノン","0","1","0%","4.0"
"スワジランド","0","1","0%","4.0"
"コートジボワール","0","1","0%","5.0"
"フェロー諸島","0","1","0%","5.0"
"パナマ","0","1","0%","5.0"
"ボスニア・ヘルツェゴビナ","0","1","0%","6.0"
"タンザニア","0","1","0%","6.0"
"ウルグアイ","0","1","0%","6.0"
"ナイジェリア","0","1","0%","7.0"
"タジキスタン","0","1","0%","7.0"
"グリーンランド","0","1","0%","8.0"
"ジャマイカ","0","1","0%","8.0"
"カンボジア","0","1","0%","8.0"
"マケドニア","0","1","0%","8.0"
"エルサルバドル","0","1","0%","8.0"
"英領バージン諸島","0","1","0%","8.0"
"グアム","0","1","0%","9.0"
"サウジアラビア","0","1","0%","9.0"
"サモア","0","1","0%","9.0"
"カメルーン","0","1","0%","10.0"
"マルチニーク","0","1","0%","10.0"
"フィジー","0","1","0%","11.0"
"フランス領ギニア","0","1","0%","11.0"
"パレスチナ","0","1","0%","11.0"
"ウズベキスタン","0","1","0%","11.0"
"ラオス","0","1","0%","22.0"
"トリニダード・トバゴ","0","1","0%","47.0"
