"上位のクエリ","クリック数","表示回数","CTR","掲載順位"
"techno japan","13","101","12.9%","3.9"
"レイヴパーティー 日本 2026","7","80","8.8%","7.2"
"powder dj","6","67","9%","8.6"
"10月 レイブ","5","8","62.5%","1.5"
"テクノ イベント 野外 2026","4","28","14.3%","1.5"
"テクノ イベント 野外","4","17","23.5%","1.6"
"テクノ フェス","3","29","10.3%","7.4"
"テクノ フェス 日本 2026","3","13","23.1%","3.1"
"ビッグファン 札幌","2","25","8%","7.1"
"レイヴ 日本","2","21","9.5%","7.0"
"the room 渋谷","1","110","0.9%","10.3"
"otsukimi 2026","1","65","1.5%","4.6"
"soundcamp","1","56","1.8%","5.8"
"御月民 2026","1","53","1.9%","5.5"
"rebirth festival","1","39","2.6%","8.5"
"テクノフェス","1","36","2.8%","4.8"
"re birth 2026","1","36","2.8%","8.8"
"rebirth フェス","1","29","3.4%","6.9"
"bigfun 札幌","1","26","3.8%","5.4"
"synapse festival 2026","1","25","4%","9.9"
"the room tokyo","1","23","4.3%","10.7"
"saloon クラブ","1","21","4.8%","8.6"
"mitsuki-tokyo","1","17","5.9%","7.9"
"big fun","1","15","6.7%","6.4"
"dj kensei","1","15","6.7%","15.9"
"hidai","1","14","7.1%","4.6"
"スノーマシン 2027","1","12","8.3%","5.2"
"ooba camp village","1","12","8.3%","7.2"
"ビックファン 札幌","1","12","8.3%","7.2"
"circus tokyo","1","11","9.1%","8.4"
"テクノイベント","1","11","9.1%","15.6"
"gonno","1","11","9.1%","16.3"
"taichi kawahira","1","8","12.5%","7.0"
"forest sound camp","1","7","14.3%","1.9"
"synapse festival","1","7","14.3%","9.4"
"テクノフェス 2026","1","6","16.7%","5.3"
"kikiorix","1","6","16.7%","7.8"
"bigfun 札幌 2026","1","5","20%","4.0"
"satomimagae","1","5","20%","6.2"
"リバース こだまの森","1","5","20%","11.8"
"八剣山 フェス","1","4","25%","1.8"
"gonno dj","1","4","25%","10.0"
"shi fu miz","1","3","33.3%","3.7"
"ビックファン 八剣山","1","3","33.3%","3.7"
"bondisco","1","3","33.3%","5.0"
"japanese techno","1","3","33.3%","37.3"
"ラビリンス フェス 2026 出演 者","1","2","50%","1.5"
"onepark festival","1","1","100%","1.0"
"チケットはどこで買えますか？","1","1","100%","1.0"
"日本 レイヴ","1","1","100%","1.0"
"リバース","1","1","100%","3.0"
"ラビリンス 群馬 フェス","1","1","100%","4.0"
"知りたい","1","1","100%","4.0"
"リバースフェスティバル","0","157","0%","8.6"
"リバース フェス","0","97","0%","8.7"
"mitsuki クラブ","0","87","0%","8.3"
"rebirth 2026","0","77","0%","9.7"
"mitsuki tokyo","0","76","0%","9.3"
"リバース レイブ","0","66","0%","9.0"
"rebirth festival 2026","0","64","0%","8.9"
"サウンドキャンプ","0","63","0%","8.2"
"御月民","0","61","0%","6.6"
"re:birth 2026","0","52","0%","8.5"
"club joule","0","48","0%","10.2"
"japanese techno artists","0","46","0%","8.8"
"yamauto","0","44","0%","7.0"
"リバースフェス","0","42","0%","8.7"
"re:birth festival 2026","0","41","0%","8.5"
"big fun 札幌 2026","0","38","0%","6.3"
"re:birth festival","0","38","0%","8.6"
"mitsuki club","0","38","0%","8.9"
"サウンドキャンプ 2026","0","37","0%","8.5"
"ebisu liquidroom","0","34","0%","7.4"
"intergalactic festival","0","33","0%","9.4"
"mitsuki shibuya","0","32","0%","9.0"
"ken ishii","0","32","0%","29.5"
"the room shibuya","0","31","0%","8.5"
"sound camp","0","28","0%","7.0"
"otsukimi open air 2026","0","28","0%","8.5"
"テクノ イベント","0","27","0%","9.6"
"りんご音楽祭","0","27","0%","16.7"
"otsukimi festival","0","26","0%","5.7"
"みつき クラブ","0","24","0%","10.1"
"dj nobu","0","24","0%","21.8"
"リバース レイヴ","0","21","0%","9.4"
"liquidroom","0","21","0%","11.3"
"リバース2026","0","20","0%","9.4"
"rebirth fes","0","19","0%","7.3"
"リバース フェス 2026","0","19","0%","8.2"
"re:birth フェス","0","18","0%","7.7"
"japan techno festival","0","18","0%","8.4"
"ラビリンス 2026","0","17","0%","9.2"
"リバース 2026","0","16","0%","9.7"
"rebirth japan","0","16","0%","15.4"
"liquidroom ebisu","0","15","0%","9.8"
"daikanyama unit","0","15","0%","18.7"
"ジュール クラブ","0","14","0%","9.4"
"womb tokyo","0","14","0%","35.6"
"the room shibuya capacity equipment","0","13","0%","6.5"
"渋谷circus","0","13","0%","10.7"
"ffkt","0","13","0%","14.9"
"liquidroom tokyo","0","12","0%","8.6"
"saloon tokyo","0","12","0%","9.0"
"rebirth festival japan","0","11","0%","7.9"
"ミツキ クラブ","0","11","0%","9.0"
"dj powder","0","11","0%","9.4"
"the labyrinth 2026","0","11","0%","9.7"
"dj gonno","0","11","0%","10.0"
"synapse 福岡","0","11","0%","10.2"
"one park festival","0","10","0%","4.1"
"石井 謙二online","0","10","0%","5.3"
"japanese techno djs","0","10","0%","6.0"
"labyrinth 2026","0","10","0%","7.3"
"sound camp 2026","0","10","0%","7.4"
"bonobo tokyo","0","10","0%","10.8"
"wata igarashi","0","10","0%","36.4"
"otsukimi festival 2026","0","9","0%","3.6"
"yamauto festival","0","9","0%","4.2"
"techno festival japan","0","9","0%","5.9"
"big fun 札幌","0","9","0%","7.4"
"club joule osaka","0","9","0%","9.6"
"circus 渋谷","0","9","0%","10.2"
"渋谷 circus","0","9","0%","10.7"
"ben ufo","0","9","0%","14.1"
"御月民-otsukimi- open air 2026","0","8","0%","7.5"
"mitsuki club tokyo","0","8","0%","8.9"
"bonobo 東京","0","8","0%","10.8"
"clubジュール","0","8","0%","11.6"
"djノブ","0","8","0%","14.1"
"ラビリンス フェス 2026","0","7","0%","4.3"
"nalu beach","0","7","0%","5.9"
"ザルーム 渋谷","0","7","0%","8.4"
"ラビリンス2026","0","7","0%","8.7"
"circus tokyo sound system lighting dj booth stage bar","0","7","0%","9.4"
"solfa tokyo","0","7","0%","9.4"
"みつき 東京","0","7","0%","9.6"
"dj miku","0","7","0%","10.3"
"kyoto techno club","0","7","0%","11.1"
"womb 渋谷","0","7","0%","27.9"
"lost&find","0","6","0%","8.3"
"ffkt festival","0","6","0%","8.8"
"re birth festival","0","6","0%","9.0"
"サルーン クラブ","0","6","0%","9.2"
"solfa nakameguro","0","6","0%","13.2"
"テクノフェスタ","0","5","0%","3.6"
"ebisu liquid room","0","5","0%","7.4"
"tecno japan","0","5","0%","8.2"
"miku dj","0","5","0%","8.6"
"dj yogurt","0","5","0%","10.2"
"techno club kyoto","0","5","0%","11.4"
"circus tokyo club","0","5","0%","11.8"
"circus クラブ","0","5","0%","12.0"
"フェス テクノ","0","5","0%","12.8"
"liquid room tokyo","0","5","0%","14.6"
"unit daikanyama","0","5","0%","20.2"
"womb nightclub","0","5","0%","49.6"
"odyssey miyazaki","0","4","0%","3.0"
"ビッグファン 札幌 2026","0","4","0%","4.5"
"samsara festival 2026","0","4","0%","6.2"
"circus shibuya","0","4","0%","7.5"
"unit tokyo","0","4","0%","7.5"
"テクノレイヴ","0","4","0%","8.8"
"liquidroom japan","0","4","0%","9.0"
"the room japan","0","4","0%","9.0"
"渋谷 room クラブ","0","4","0%","9.8"
"bonobo club tokyo","0","4","0%","10.2"
"クラブ みつき","0","4","0%","10.5"
"the room 東京","0","4","0%","11.0"
"djケンセイ","0","4","0%","12.0"
"joule osaka","0","4","0%","12.8"
"tokyo womb","0","4","0%","13.8"
"長野 音楽フェス","0","4","0%","35.8"
"technocosmos","0","4","0%","69.2"
"テクノ フェス 日本","0","3","0%","2.3"
"テクノ","0","3","0%","4.0"
"サーカスフェスティバル","0","3","0%","5.3"
"月民","0","3","0%","5.7"
"qmico","0","3","0%","6.0"
"ボンディスコ","0","3","0%","7.3"
"長野 リバース","0","3","0%","7.3"
"forestlimit tokyo","0","3","0%","7.7"
"labyrinth festival japan 2026","0","3","0%","7.7"
"synapse festival fukuoka","0","3","0%","8.0"
"circus tokyo shibuya","0","3","0%","8.7"
"ishinoko","0","3","0%","8.7"
"レイヴ パーティー 2026 関西","0","3","0%","8.7"
"hi dai","0","3","0%","10.0"
"liquidroom capacity","0","3","0%","10.0"
"tokyo liquidroom","0","3","0%","10.0"
"dj ground","0","3","0%","10.3"
"joule クラブ","0","3","0%","10.7"
"レイヴパーティー 2026","0","3","0%","10.7"
"ground dj","0","3","0%","12.0"
"otsukimi","0","3","0%","12.3"
"o east","0","3","0%","14.7"
"joule 大阪","0","3","0%","15.3"
"e-groove","0","3","0%","18.0"
"bonobo japan","0","3","0%","18.3"
"club metro kyoto","0","3","0%","23.3"
"spotify o-east","0","3","0%","23.3"
"techno festival","0","3","0%","29.3"
"翠 月 mitsuki","0","3","0%","36.7"
"big fun festival","0","2","0%","1.5"
"bigfun 2026","0","2","0%","3.0"
"each story 2026","0","2","0%","4.0"
"shi fu miz festival","0","2","0%","4.0"
"ラビリンス 2026 アーティスト","0","2","0%","4.0"
"techno ark","0","2","0%","4.5"
"labrynth festival japan","0","2","0%","5.0"
"snow machine 2027","0","2","0%","5.0"
"rebirth tokyo","0","2","0%","5.5"
"soundcamp 2026","0","2","0%","5.5"
"big fun sapporo","0","2","0%","6.0"
"festival fruezinho","0","2","0%","6.0"
"ビックファン","0","2","0%","6.0"
"oba camp village","0","2","0%","6.5"
"タイムテーブル","0","2","0%","6.5"
"レイヴ 2026","0","2","0%","6.5"
"technojapan","0","2","0%","7.0"
"ラビリンス テクノ","0","2","0%","7.0"
"長野 レイブ","0","2","0%","7.0"
"otodashi","0","2","0%","7.5"
"saloon","0","2","0%","7.5"
"ビッグ ファン 札幌","0","2","0%","7.5"
"snowmachine 2027","0","2","0%","8.0"
"みつき tokyo","0","2","0%","8.0"
"ラビリンス みなかみ","0","2","0%","8.0"
"circus japan club","0","2","0%","8.5"
"powder dj japan","0","2","0%","8.5"
"womb club","0","2","0%","8.5"
"bonobo 日本","0","2","0%","9.0"
"circus club tokyo","0","2","0%","9.0"
"daikanyama unit tokyo","0","2","0%","9.0"
"japanese techno artist","0","2","0%","9.0"
"noon coffee & culture","0","2","0%","9.0"
"ysk dj","0","2","0%","9.0"
"circus festival odaiba","0","2","0%","9.5"
"tmak","0","2","0%","9.5"
"circus at odaiba 2026","0","2","0%","10.0"
"club joule official website","0","2","0%","10.0"
"labyrinth2026","0","2","0%","10.0"
"mitsuki japan","0","2","0%","10.0"
"o-east shibuya","0","2","0%","10.0"
"japan techno club","0","2","0%","10.5"
"japan techno clubs","0","2","0%","10.5"
"rebirth rave","0","2","0%","10.5"
"womb","0","2","0%","10.5"
"シナプスフェス","0","2","0%","10.5"
"リバース 長野","0","2","0%","10.5"
"liquid room japan","0","2","0%","11.0"
"unit tokyo club","0","2","0%","11.0"
"ユニット代官山","0","2","0%","11.0"
"中目黒 ソルファ","0","2","0%","11.0"
"神宮前bonobo","0","2","0%","11.0"
"club ジュール","0","2","0%","11.5"
"techno event","0","2","0%","12.0"
"circus at odaiba","0","2","0%","12.5"
"japan techno","0","2","0%","14.0"
"ボノボ クラブ","0","2","0%","14.5"
"metro club","0","2","0%","17.5"
"the room 写真","0","2","0%","18.0"
"dj maria","0","2","0%","18.5"
"osaka techno club","0","2","0%","20.0"
"渋谷womb","0","2","0%","20.0"
"circus odaiba","0","2","0%","21.5"
"techno club osaka","0","2","0%","21.5"
"東京 unit","0","2","0%","21.5"
"ｃｌｕｂ ｊｏｕｌｅ","0","2","0%","21.5"
"japan edm festivals","0","2","0%","22.5"
"中目黒 クラブ","0","2","0%","23.5"
"djヨーグルト","0","2","0%","24.5"
"alabaster deplume","0","2","0%","25.5"
"juana","0","2","0%","26.5"
"bonobo","0","2","0%","27.0"
"liquidroom shibuya","0","2","0%","27.5"
"りんご 音楽 祭","0","2","0%","27.5"
"bar bonobo","0","2","0%","32.5"
"長野 フェス","0","2","0%","37.5"
"solfa","0","2","0%","38.5"
"circus tokyo キャパ","0","2","0%","39.5"
"techno near me","0","2","0%","46.0"
"dj ken ishii","0","2","0%","52.5"
"unit 代官山","0","2","0%","52.5"
"womb nightclub tokyo","0","2","0%","56.0"
"o east ビル","0","2","0%","58.0"
"イースト キャパ","0","2","0%","75.5"
"electrònica","0","1","0%","1.0"
"kettama 来日","0","1","0%","1.0"
"of5","0","1","0%","1.0"
"rave party","0","1","0%","1.0"
"triangle osaka","0","1","0%","1.0"
"どんなかんじ？","0","1","0%","1.0"
"どんな音楽？","0","1","0%","1.0"
"チケット","0","1","0%","1.0"
"テクノクラブ","0","1","0%","1.0"
"テクノサービス","0","1","0%","1.0"
"他にない？","0","1","0%","1.0"
"日本 レイブ","0","1","0%","1.0"
"盆ディスコ","0","1","0%","1.0"
"acid pauli","0","1","0%","2.0"
"daikanyama unit capacity","0","1","0%","2.0"
"dj upset","0","1","0%","2.0"
"saloon-tokyo レビュー","0","1","0%","2.0"
"а ещё","0","1","0%","2.0"
"ジャンルは何","0","1","0%","2.0"
"代官山unit","0","1","0%","2.0"
"9/26","0","1","0%","3.0"
"odyssey 宮崎","0","1","0%","3.0"
"てくの","0","1","0%","3.0"
"八剣山 ビッグファン","0","1","0%","3.0"
"当日","0","1","0%","3.0"
"日本","0","1","0%","3.0"
"最近のアーティストは？","0","1","0%","3.0"
"渋谷womb 読み方","0","1","0%","3.0"
"bon disco 2026","0","1","0%","4.0"
"labyrinth japan","0","1","0%","4.0"
"tecno fest","0","1","0%","4.0"
"vent tokyo","0","1","0%","4.0"
"おつきみ2026","0","1","0%","4.0"
"レイブ","0","1","0%","4.0"
"レイブ 日本","0","1","0%","4.0"
"レイヴ","0","1","0%","4.0"
"代官山ユニット","0","1","0%","4.0"
"新潟","0","1","0%","4.0"
"渋谷 circus tokyo","0","1","0%","4.0"
"10月24日","0","1","0%","5.0"
"forest rave","0","1","0%","5.0"
"japan edm festival","0","1","0%","5.0"
"labyrinth festival japan","0","1","0%","5.0"
"labyrinth festival japan lineup","0","1","0%","5.0"
"recommend an event space in tokyo.","0","1","0%","5.0"
"techno in japanese","0","1","0%","5.0"
"tokyo unit","0","1","0%","5.0"
"サウンドキャンプ 石狩","0","1","0%","5.0"
"ラビリンス 群馬","0","1","0%","5.0"
"今後のイベントは？","0","1","0%","5.0"
"big fun 2026","0","1","0%","6.0"
"ondo land","0","1","0%","6.0"
"rick shinmi","0","1","0%","6.0"
"spotify o-east tokyo","0","1","0%","6.0"
"topia festival","0","1","0%","6.0"
"when is otsukimi 2026","0","1","0%","6.0"
"アンダーグラウンド","0","1","0%","6.0"
"ビッグファン 八剣山","0","1","0%","6.0"
"渋谷 room","0","1","0%","6.0"
"渋谷 ルーム","0","1","0%","6.0"
"birth fest","0","1","0%","7.0"
"camping rave","0","1","0%","7.0"
"circus club japan","0","1","0%","7.0"
"globalark","0","1","0%","7.0"
"japan electronic music festival","0","1","0%","7.0"
"japan techno dj","0","1","0%","7.0"
"joule club osaka","0","1","0%","7.0"
"labyrinth rave","0","1","0%","7.0"
"tokyo club womb","0","1","0%","7.0"
"yousuke yukimatsu 日本 ライブ","0","1","0%","7.0"
"yuripon","0","1","0%","7.0"
"チケット情報","0","1","0%","7.0"
"渋谷 みつき","0","1","0%","7.0"
"circus fes","0","1","0%","8.0"
"eachstory 2026","0","1","0%","8.0"
"kotsu","0","1","0%","8.0"
"liquid room, tokyo","0","1","0%","8.0"
"re:birth","0","1","0%","8.0"
"saloon club","0","1","0%","8.0"
"techno artist","0","1","0%","8.0"
"unit 東京","0","1","0%","8.0"
"渋谷the room","0","1","0%","8.0"
"asian music festival 2026","0","1","0%","9.0"
"bon disco","0","1","0%","9.0"
"circus フェス","0","1","0%","9.0"
"club bonobo","0","1","0%","9.0"
"club jule","0","1","0%","9.0"
"gon no","0","1","0%","9.0"
"gonnho","0","1","0%","9.0"
"jp techno","0","1","0%","9.0"
"kodamanomori camping ground","0","1","0%","9.0"
"mitsuki 渋谷","0","1","0%","9.0"
"wata dj","0","1","0%","9.0"
"wold wide","0","1","0%","9.0"
"womb クラブ","0","1","0%","9.0"
"クラブ womb","0","1","0%","9.0"
"クラブjoule","0","1","0%","9.0"
"クラブwomb","0","1","0%","9.0"
"テクノ アーティスト 日本","0","1","0%","9.0"
"大阪 クラブイベント テクノ","0","1","0%","9.0"
"粉場","0","1","0%","9.0"
"akihiro suzuki","0","1","0%","10.0"
"bonobo shibuya","0","1","0%","10.0"
"circus lounge tokyo","0","1","0%","10.0"
"euphoria techno","0","1","0%","10.0"
"global ark","0","1","0%","10.0"
"o-east tokyo","0","1","0%","10.0"
"solfa 中目黒","0","1","0%","10.0"
"yellowuhuru","0","1","0%","10.0"
"シナプスフェスティバル","0","1","0%","10.0"
"場所","0","1","0%","10.0"
"大阪 club joule","0","1","0%","10.0"
"渋谷ウォンブ","0","1","0%","10.0"
"annahme","0","1","0%","11.0"
"bonobo harajuku","0","1","0%","11.0"
"circus festival tokyo","0","1","0%","11.0"
"club joule アクセス","0","1","0%","11.0"
"dj akey","0","1","0%","11.0"
"endless summer rave","0","1","0%","11.0"
"forest limit tokyo","0","1","0%","11.0"
"how about sound","0","1","0%","11.0"
"mitsuki-tokyo 写真","0","1","0%","11.0"
"nagano festival 2026","0","1","0%","11.0"
"noon cafe osaka","0","1","0%","11.0"
"osaka techno clubs","0","1","0%","11.0"
"shibuya room","0","1","0%","11.0"
"tokyo,o","0","1","0%","11.0"
"渋谷 ザルーム","0","1","0%","11.0"
"bonobo 渋谷","0","1","0%","12.0"
"liquidroom 東京","0","1","0%","12.0"
"shibuya o-east","0","1","0%","12.0"
"渋谷 o east","0","1","0%","12.0"
"oeast","0","1","0%","13.0"
"techno clubs osaka","0","1","0%","13.0"
"お台場は？","0","1","0%","13.0"
"大阪 クラブ テクノ","0","1","0%","13.0"
"helena hauff","0","1","0%","14.0"
"djnobu","0","1","0%","15.0"
"東京 テクノ イベント","0","1","0%","15.0"
"渋谷 the room","0","1","0%","15.0"
"ｂｉｇ ｆｕｎ","0","1","0%","15.0"
"ｃｌｕｂｃｉａｏ","0","1","0%","15.0"
"shibuya liquidroom","0","1","0%","16.0"
"club joule 大阪","0","1","0%","17.0"
"dj maria.","0","1","0%","17.0"
"music festival asia 2026","0","1","0%","17.0"
"djマリア","0","1","0%","18.0"
"joule club","0","1","0%","20.0"
"club metro","0","1","0%","22.0"
"クラブ ジュール","0","1","0%","22.0"
"dj nobu 今里","0","1","0%","23.0"
"o-east","0","1","0%","23.0"
"bonobo 神宮前","0","1","0%","24.0"
"kensei","0","1","0%","24.0"
"大阪 クラブ ジュール","0","1","0%","24.0"
"りんご祭","0","1","0%","25.0"
"리퀴드룸","0","1","0%","25.0"
"club the room","0","1","0%","26.0"
"japanese djs","0","1","0%","28.0"
"juana molina","0","1","0%","28.0"
"snow machine hakuba 2027","0","1","0%","28.0"
"womb shinjuku","0","1","0%","28.0"
"テクニバル","0","1","0%","30.0"
"渋谷 mitsuki","0","1","0%","30.0"
"kyoto metro","0","1","0%","31.0"
"gerd janson","0","1","0%","32.0"
"プレシャスホール","0","1","0%","32.0"
"dj ufo","0","1","0%","33.0"
"room tokyo","0","1","0%","33.0"
"りんご音楽","0","1","0%","33.0"
"solfa 中 目黒","0","1","0%","35.0"
"オンエアイースト","0","1","0%","35.0"
"心斎橋 ジュール","0","1","0%","35.0"
"powder artist","0","1","0%","37.0"
"オーエスト","0","1","0%","37.0"
"京都 クラブ メトロ","0","1","0%","37.0"
"summer.s_p","0","1","0%","39.0"
"ジュール 大阪","0","1","0%","41.0"
"東京 womb","0","1","0%","41.0"
"渋谷 womb","0","1","0%","43.0"
"90east","0","1","0%","44.0"
"liquid room","0","1","0%","45.0"
"恵比寿リキッドルーム アクセス","0","1","0%","49.0"
"渋谷on air east","0","1","0%","50.0"
"オーイースト","0","1","0%","51.0"
"代官山 ユナイト","0","1","0%","51.0"
"helena hoff","0","1","0%","55.0"
"club womb","0","1","0%","59.0"
"代官山 unit","0","1","0%","59.0"
"サルーン 代官山","0","1","0%","65.0"
"festival techno","0","1","0%","87.0"
"oest","0","1","0%","91.0"
