"上位のページ","クリック数","表示回数","CTR","掲載順位"
"https://techno-japan.media/festivals.html","44","421","10.5%","5.6"
"https://techno-japan.media/articles/japan-festival-2026-october.html","44","169","26%","4.6"
"https://techno-japan.media/articles/japan-festival-2026-september.html","28","152","18.4%","6.4"
"https://techno-japan.media/festivals/otsukimi.html","27","489","5.5%","6.6"
"https://techno-japan.media/festivals/big-fun.html","20","261","7.7%","5.5"
"https://techno-japan.media/articles/synapse-2026-info.html","19","207","9.2%","7.0"
"https://techno-japan.media/","19","117","16.2%","6.0"
"https://techno-japan.media/festivals/re-birth-festival.html","17","1,365","1.2%","8.2"
"https://techno-japan.media/articles/otsukimi-2026-info.html","15","302","5%","5.0"
"https://techno-japan.media/festivals/odyssey.html","15","101","14.9%","4.0"
"https://techno-japan.media/articles/rebirth-2026-info.html URL をクリップボードにコピー 新しいタブで開く URL を検査","14","146","9.6%","6.8"
"https://techno-japan.media/en/festivals.html URL をクリップボードにコピー 新しいタブで開く URL を検査","11","373","2.9%","6.2"
"https://techno-japan.media/articles/odyssey-2026-info.html URL をクリップボードにコピー 新しいタブで開く URL を検査","11","37","29.7%","2.4"
"https://techno-japan.media/artists/powder.html URL をクリップボードにコピー 新しいタブで開く URL を検査","8","113","7.1%","8.2"
"https://techno-japan.media/festivals/e-groove.html URL をクリップボードにコピー 新しいタブで開く URL を検査","8","20","40%","7.2"
"https://techno-japan.media/festivals/circus.html URL をクリップボードにコピー 新しいタブで開く URL を検査","5","179","2.8%","9.8"
"https://techno-japan.media/en/festivals/forest-sound-camp.html URL をクリップボードにコピー 新しいタブで開く URL を検査","5","125","4%","5.9"
"https://techno-japan.media/festivals/labyrinth.html URL をクリップボードにコピー 新しいタブで開く URL を検査","5","104","4.8%","7.0"
"https://techno-japan.media/articles/loa-lost-paradise-2026-info.html URL をクリップボードにコピー 新しいタブで開く URL を検査","5","77","6.5%","5.2"
"https://techno-japan.media/venues/mitsuki.html URL をクリップボードにコピー 新しいタブで開く URL を検査","4","464","0.9%","8.8"
"https://techno-japan.media/en/festivals/labyrinth.html URL をクリップボードにコピー 新しいタブで開く URL を検査","4","286","1.4%","6.4"
"https://techno-japan.media/festivals/forest-sound-camp.html URL をクリップボードにコピー 新しいタブで開く URL を検査","4","220","1.8%","7.2"
"https://techno-japan.media/festivals/colors-presents-soundcamp.html URL をクリップボードにコピー 新しいタブで開く URL を検査","4","150","2.7%","8.2"
"https://techno-japan.media/articles/snow-mashine-2027-info.html URL をクリップボードにコピー 新しいタブで開く URL を検査","4","112","3.6%","5.5"
"https://techno-japan.media/venues/unit.html URL をクリップボードにコピー 新しいタブで開く URL を検査","4","110","3.6%","13.2"
"https://techno-japan.media/en/index.html URL をクリップボードにコピー 新しいタブで開く URL を検査","4","98","4.1%","7.0"
"https://techno-japan.media/festivals/ffkt.html URL をクリップボードにコピー 新しいタブで開く URL を検査","4","67","6%","9.3"
"https://techno-japan.media/articles/forest-sound-camp-info.html URL をクリップボードにコピー 新しいタブで開く URL を検査","4","34","11.8%","3.4"
"https://techno-japan.media/en/festivals/festival-de-frue.html URL をクリップボードにコピー 新しいタブで開く URL を検査","4","20","20%","4.0"
"https://techno-japan.media/articles/asia-festival-2026-second.html URL をクリップボードにコピー 新しいタブで開く URL を検査","4","18","22.2%","9.3"
"https://techno-japan.media/festivals/parallel-world.html URL をクリップボードにコピー 新しいタブで開く URL を検査","4","5","80%","1.8"
"https://techno-japan.media/venues/the-room.html URL をクリップボードにコピー 新しいタブで開く URL を検査","3","292","1%","9.6"
"https://techno-japan.media/venues/club-joule.html URL をクリップボードにコピー 新しいタブで開く URL を検査","3","194","1.5%","10.9"
"https://techno-japan.media/en/festivals/grow-the-culture-open-air.html URL をクリップボードにコピー 新しいタブで開く URL を検査","3","38","7.9%","5.2"
"https://techno-japan.media/articles/ondoland1012-2026-info.html URL をクリップボードにコピー 新しいタブで開く URL を検査","3","29","10.3%","7.2"
"https://techno-japan.media/venues/circus-osaka.html URL をクリップボードにコピー 新しいタブで開く URL を検査","3","15","20%","6.9"
"https://techno-japan.media/articles/bondisco-2026-info.html URL をクリップボードにコピー 新しいタブで開く URL を検査","3","13","23.1%","5.9"
"https://techno-japan.media/venues/saloon.html URL をクリップボードにコピー 新しいタブで開く URL を検査","2","153","1.3%","7.7"
"https://techno-japan.media/en/festivals/intergalactic.html URL をクリップボードにコピー 新しいタブで開く URL を検査","2","94","2.1%","8.8"
"https://techno-japan.media/artists.html URL をクリップボードにコピー 新しいタブで開く URL を検査","2","54","3.7%","6.7"
"https://techno-japan.media/artists/gonno.html URL をクリップボードにコピー 新しいタブで開く URL を検査","2","53","3.8%","9.5"
"https://techno-japan.media/en/articles/synapse-2026-info.html URL をクリップボードにコピー 新しいタブで開く URL を検査","2","48","4.2%","5.8"
"https://techno-japan.media/en/festivals/moment.html URL をクリップボードにコピー 新しいタブで開く URL を検査","2","13","15.4%","5.0"
"https://techno-japan.media/festivals/detox.html URL をクリップボードにコピー 新しいタブで開く URL を検査","2","5","40%","4.0"
"https://techno-japan.media/en/festivals/annahme.html URL をクリップボードにコピー 新しいタブで開く URL を検査","2","4","50%","5.0"
"https://techno-japan.media/en/artists.html URL をクリップボードにコピー 新しいタブで開く URL を検査","1","152","0.7%","8.5"
"https://techno-japan.media/en/festivals/re-birth-festival.html URL をクリップボードにコピー 新しいタブで開く URL を検査","1","135","0.7%","7.2"
"https://techno-japan.media/venues/circus-tokyo.html URL をクリップボードにコピー 新しいタブで開く URL を検査","1","71","1.4%","11.3"
"https://techno-japan.media/venues/solfa.html URL をクリップボードにコピー 新しいタブで開く URL を検査","1","70","1.4%","11.6"
"https://techno-japan.media/en/about.html URL をクリップボードにコピー 新しいタブで開く URL を検査","1","61","1.6%","7.5"
"https://techno-japan.media/artists/dj-kensei.html URL をクリップボードにコピー 新しいタブで開く URL を検査","1","57","1.8%","10.2"
"https://techno-japan.media/venues/noon.html URL をクリップボードにコピー 新しいタブで開く URL を検査","1","48","2.1%","8.8"
"https://techno-japan.media/artists/dj-nobu.html URL をクリップボードにコピー 新しいタブで開く URL を検査","1","48","2.1%","15.8"
"https://techno-japan.media/en/venues/circus-tokyo.html URL をクリップボードにコピー 新しいタブで開く URL を検査","1","47","2.1%","6.8"
"https://techno-japan.media/venues/club-metro.html URL をクリップボードにコピー 新しいタブで開く URL を検査","1","45","2.2%","12.6"
"https://techno-japan.media/festivals/one-park-festival.html URL をクリップボードにコピー 新しいタブで開く URL を検査","1","29","3.4%","4.7"
"https://techno-japan.media/en/venues/mitsuki.html URL をクリップボードにコピー 新しいタブで開く URL を検査","1","20","5%","6.8"
"https://techno-japan.media/festivals/festival-de-frue.html URL をクリップボードにコピー 新しいタブで開く URL を検査","1","20","5%","7.9"
"https://techno-japan.media/artists/wata-igarashi.html URL をクリップボードにコピー 新しいタブで開く URL を検査","1","20","5%","23.2"
"https://techno-japan.media/about.html URL をクリップボードにコピー 新しいタブで開く URL を検査","1","18","5.6%","13.0"
"https://techno-japan.media/artists/ysk.html URL をクリップボードにコピー 新しいタブで開く URL を検査","1","17","5.9%","5.2"
"https://techno-japan.media/artists/taichi-kawahira.html URL をクリップボードにコピー 新しいタブで開く URL を検査","1","16","6.2%","7.8"
"https://techno-japan.media/artists/hidai.html URL をクリップボードにコピー 新しいタブで開く URL を検査","1","14","7.1%","5.3"
"https://techno-japan.media/en/festivals/otsukimi.html URL をクリップボードにコピー 新しいタブで開く URL を検査","1","12","8.3%","2.8"
"https://techno-japan.media/festivals/grow-the-culture-open-air.html URL をクリップボードにコピー 新しいタブで開く URL を検査","1","11","9.1%","5.6"
"https://techno-japan.media/en/festivals/odyssey.html URL をクリップボードにコピー 新しいタブで開く URL を検査","1","10","10%","4.7"
"https://techno-japan.media/artists/kikiorix.html URL をクリップボードにコピー 新しいタブで開く URL を検査","1","9","11.1%","7.7"
"https://techno-japan.media/festivals/bondisco.html URL をクリップボードにコピー 新しいタブで開く URL を検査","1","8","12.5%","5.6"
"https://techno-japan.media/news.html URL をクリップボードにコピー 新しいタブで開く URL を検査","1","7","14.3%","37.9"
"https://techno-japan.media/articles/shifumiz-2026-info.html URL をクリップボードにコピー 新しいタブで開く URL を検査","1","6","16.7%","3.7"
"https://techno-japan.media/en/festivals/parallel-world.html URL をクリップボードにコピー 新しいタブで開く URL を検査","1","5","20%","4.4"
"https://techno-japan.media/festivals/intergalactic.html URL をクリップボードにコピー 新しいタブで開く URL を検査","1","5","20%","5.6"
"https://techno-japan.media/en/festivals/e-groove.html URL をクリップボードにコピー 新しいタブで開く URL を検査","1","5","20%","11.6"
"https://techno-japan.media/en/festivals/mirrorball-village.html URL をクリップボードにコピー 新しいタブで開く URL を検査","1","4","25%","2.5"
"https://techno-japan.media/en/festivals/dream-festival.html URL をクリップボードにコピー 新しいタブで開く URL を検査","1","4","25%","6.5"
"https://techno-japan.media/festivals/loa-lost-paradise.html URL をクリップボードにコピー 新しいタブで開く URL を検査","1","3","33.3%","3.7"
"https://techno-japan.media/festivals/arch.html URL をクリップボードにコピー 新しいタブで開く URL を検査","1","3","33.3%","4.7"
"https://techno-japan.media/en/festivals/wonderfruit-kyoto.html URL をクリップボードにコピー 新しいタブで開く URL を検査","1","3","33.3%","7.3"
"https://techno-japan.media/en/festivals/letus-music-camp.html URL をクリップボードにコピー 新しいタブで開く URL を検査","1","2","50%","1.5"
"https://techno-japan.media/venues/www.html URL をクリップボードにコピー 新しいタブで開く URL を検査","1","2","50%","2.0"
"https://techno-japan.media/festivals/car-multimedia.html URL をクリップボードにコピー 新しいタブで開く URL を検査","1","2","50%","6.0"
"https://techno-japan.media/articles/post-20251120.html URL をクリップボードにコピー 新しいタブで開く URL を検査","1","2","50%","6.5"
"https://techno-japan.media/en/artists/rami.html URL をクリップボードにコピー 新しいタブで開く URL を検査","1","2","50%","10.5"
"https://techno-japan.media/en/festivals/colors-presents-soundcamp.html URL をクリップボードにコピー 新しいタブで開く URL を検査","1","1","100%","2.0"
"https://techno-japan.media/en/venues/liquidroom.html URL をクリップボードにコピー 新しいタブで開く URL を検査","0","209","0%","8.9"
"https://techno-japan.media/venues/bonobo.html URL をクリップボードにコピー 新しいタブで開く URL を検査","0","103","0%","10.9"
"https://techno-japan.media/en/venues.html URL をクリップボードにコピー 新しいタブで開く URL を検査","0","89","0%","7.5"
"https://techno-japan.media/en/festivals/yamauto.html URL をクリップボードにコピー 新しいタブで開く URL を検査","0","69","0%","6.2"
"https://techno-japan.media/venues/womb.html URL をクリップボードにコピー 新しいタブで開く URL を検査","0","66","0%","22.5"
"https://techno-japan.media/festivals/ringo-festival.html URL をクリップボードにコピー 新しいタブで開く URL を検査","0","56","0%","24.2"
"https://techno-japan.media/venues/o-east.html URL をクリップボードにコピー 新しいタブで開く URL を検査","0","54","0%","18.3"
"https://techno-japan.media/en/festivals/fabulous.html URL をクリップボードにコピー 新しいタブで開く URL を検査","0","47","0%","9.0"
"https://techno-japan.media/en/festivals/global-ark.html URL をクリップボードにコピー 新しいタブで開く URL を検査","0","44","0%","4.4"
"https://techno-japan.media/artists/ken-ishii.html URL をクリップボードにコピー 新しいタブで開く URL を検査","0","44","0%","25.1"
"https://techno-japan.media/venues/vent.html URL をクリップボードにコピー 新しいタブで開く URL を検査","0","27","0%","9.0"
"https://techno-japan.media/en/venues/o-east.html URL をクリップボードにコピー 新しいタブで開く URL を検査","0","26","0%","12.3"
"https://techno-japan.media/en/artists/ken-ishii.html URL をクリップボードにコピー 新しいタブで開く URL を検査","0","26","0%","13.8"
"https://techno-japan.media/en/venues/womb.html URL をクリップボードにコピー 新しいタブで開く URL を検査","0","25","0%","12.6"
"https://techno-japan.media/venues/compufunk.html URL をクリップボードにコピー 新しいタブで開く URL を検査","0","24","0%","8.1"
"https://techno-japan.media/en/venues/unit.html URL をクリップボードにコピー 新しいタブで開く URL を検査","0","22","0%","7.8"
"https://techno-japan.media/en/submit.html URL をクリップボードにコピー 新しいタブで開く URL を検査","0","19","0%","5.5"
"https://techno-japan.media/en/venues/compufunk.html URL をクリップボードにコピー 新しいタブで開く URL を検査","0","19","0%","6.4"
"https://techno-japan.media/en/articles/asia-festival-2026-second.html URL をクリップボードにコピー 新しいタブで開く URL を検査","0","19","0%","6.5"
"https://techno-japan.media/artists/ground.html URL をクリップボードにコピー 新しいタブで開く URL を検査","0","19","0%","8.1"
"https://techno-japan.media/artists/dj-miku.html URL をクリップボードにコピー 新しいタブで開く URL を検査","0","19","0%","11.2"
"https://techno-japan.media/venues/oath.html URL をクリップボードにコピー 新しいタブで開く URL を検査","0","18","0%","8.5"
"https://techno-japan.media/artists/ben-ufo.html URL をクリップボードにコピー 新しいタブで開く URL を検査","0","18","0%","11.3"
"https://techno-japan.media/venues/forestlimit.html URL をクリップボードにコピー 新しいタブで開く URL を検査","0","17","0%","6.8"
"https://techno-japan.media/en/venues/vent.html URL をクリップボードにコピー 新しいタブで開く URL を検査","0","17","0%","10.0"
"https://techno-japan.media/en/festivals/rainbow-disco-club.html URL をクリップボードにコピー 新しいタブで開く URL を検査","0","16","0%","6.3"
"https://techno-japan.media/en/artists/hidai.html URL をクリップボードにコピー 新しいタブで開く URL を検査","0","16","0%","8.1"
"https://techno-japan.media/en/artists/dj-yogurt.html URL をクリップボードにコピー 新しいタブで開く URL を検査","0","15","0%","8.5"
"https://techno-japan.media/en/festivals/each-story.html URL をクリップボードにコピー 新しいタブで開く URL を検査","0","14","0%","4.8"
"https://techno-japan.media/en/venues/forestlimit.html URL をクリップボードにコピー 新しいタブで開く URL を検査","0","14","0%","5.9"
"https://techno-japan.media/index.html URL をクリップボードにコピー 新しいタブで開く URL を検査","0","13","0%","7.3"
"https://techno-japan.media/en/venues/club-joule.html URL をクリップボードにコピー 新しいタブで開く URL を検査","0","13","0%","8.1"
"https://techno-japan.media/venues/clubasia.html URL をクリップボードにコピー 新しいタブで開く URL を検査","0","13","0%","9.4"
"https://techno-japan.media/en/news.html URL をクリップボードにコピー 新しいタブで開く URL を検査","0","13","0%","11.2"
"https://techno-japan.media/en/venues/solfa.html URL をクリップボードにコピー 新しいタブで開く URL を検査","0","12","0%","7.2"
"https://techno-japan.media/en/festivals/loa-lost-paradise.html URL をクリップボードにコピー 新しいタブで開く URL を検査","0","12","0%","7.3"
"https://techno-japan.media/festivals/each-story.html URL をクリップボードにコピー 新しいタブで開く URL を検査","0","12","0%","7.6"
"https://techno-japan.media/en/venues/club-metro.html URL をクリップボードにコピー 新しいタブで開く URL を検査","0","12","0%","8.5"
"https://techno-japan.media/en/festivals/ffkt.html URL をクリップボードにコピー 新しいタブで開く URL を検査","0","12","0%","11.8"
"https://techno-japan.media/en/venues/circus-osaka.html URL をクリップボードにコピー 新しいタブで開く URL を検査","0","11","0%","6.6"
"https://techno-japan.media/en/venues/noon.html URL をクリップボードにコピー 新しいタブで開く URL を検査","0","11","0%","9.6"
"https://techno-japan.media/festivals/link-open-air.html URL をクリップボードにコピー 新しいタブで開く URL を検査","0","10","0%","4.9"
"https://techno-japan.media/en/festivals/bondisco.html URL をクリップボードにコピー 新しいタブで開く URL を検査","0","10","0%","5.3"
"https://techno-japan.media/en/festivals/samsara.html URL をクリップボードにコピー 新しいタブで開く URL を検査","0","10","0%","6.2"
"https://techno-japan.media/festivals/yamauto.html URL をクリップボードにコピー 新しいタブで開く URL を検査","0","10","0%","6.5"
"https://techno-japan.media/artists/juana-molina.html URL をクリップボードにコピー 新しいタブで開く URL を検査","0","10","0%","13.6"
"https://techno-japan.media/en/venues/the-room.html URL をクリップボードにコピー 新しいタブで開く URL を検査","0","9","0%","5.9"
"https://techno-japan.media/festivals/lost-find.html URL をクリップボードにコピー 新しいタブで開く URL を検査","0","9","0%","8.0"
"https://techno-japan.media/artists/kotsu.html URL をクリップボードにコピー 新しいタブで開く URL を検査","0","9","0%","8.2"
"https://techno-japan.media/en/venues/bonobo.html URL をクリップボードにコピー 新しいタブで開く URL を検査","0","9","0%","8.4"
"https://techno-japan.media/artists/dj-yogurt.html URL をクリップボードにコピー 新しいタブで開く URL を検査","0","9","0%","11.0"
"https://techno-japan.media/en/festivals/yagura.html URL をクリップボードにコピー 新しいタブで開く URL を検査","0","8","0%","4.0"
"https://techno-japan.media/en/festivals/snow-machine-japan.html URL をクリップボードにコピー 新しいタブで開く URL を検査","0","8","0%","5.4"
"https://techno-japan.media/festivals/dream-festival.html URL をクリップボードにコピー 新しいタブで開く URL を検査","0","8","0%","6.9"
"https://techno-japan.media/en/festivals/the-star-festival.html URL をクリップボードにコピー 新しいタブで開く URL を検査","0","7","0%","4.7"
"https://techno-japan.media/en/articles/snow-mashine-2027-info.html URL をクリップボードにコピー 新しいタブで開く URL を検査","0","7","0%","4.9"
"https://techno-japan.media/en/festivals/nu-festival.html URL をクリップボードにコピー 新しいタブで開く URL を検査","0","7","0%","5.6"
"https://techno-japan.media/en/artists/dj-miku.html URL をクリップボードにコピー 新しいタブで開く URL を検査","0","7","0%","7.9"
"https://techno-japan.media/artists/dj-maria.html URL をクリップボードにコピー 新しいタブで開く URL を検査","0","7","0%","13.9"
"https://techno-japan.media/en/articles/odyssey-2026-info.html URL をクリップボードにコピー 新しいタブで開く URL を検査","0","6","0%","2.5"
"https://techno-japan.media/en/venues/saloon.html URL をクリップボードにコピー 新しいタブで開く URL を検査","0","6","0%","4.3"
"https://techno-japan.media/en/festivals/paramount.html URL をクリップボードにコピー 新しいタブで開く URL を検査","0","6","0%","5.5"
"https://techno-japan.media/artists/alabaster-deplume.html URL をクリップボードにコピー 新しいタブで開く URL を検査","0","6","0%","13.7"
"https://techno-japan.media/festivals/global-ark.html URL をクリップボードにコピー 新しいタブで開く URL を検査","0","5","0%","4.8"
"https://techno-japan.media/en/festivals/ringo-festival.html URL をクリップボードにコピー 新しいタブで開く URL を検査","0","5","0%","8.0"
"https://techno-japan.media/en/artists/dj-nobu.html URL をクリップボードにコピー 新しいタブで開く URL を検査","0","5","0%","11.2"
"https://techno-japan.media/en/festivals/sangenjaya-music-festival.html URL をクリップボードにコピー 新しいタブで開く URL を検査","0","4","0%","4.2"
"https://techno-japan.media/en/venues/clubasia.html URL をクリップボードにコピー 新しいタブで開く URL を検査","0","4","0%","5.2"
"https://techno-japan.media/en/festivals/spring-love-harukaze.html URL をクリップボードにコピー 新しいタブで開く URL を検査","0","4","0%","5.8"
"https://techno-japan.media/en/venues/sunhall.html URL をクリップボードにコピー 新しいタブで開く URL を検査","0","4","0%","6.2"
"https://techno-japan.media/en/articles/post-20251120.html URL をクリップボードにコピー 新しいタブで開く URL を検査","0","4","0%","7.0"
"https://techno-japan.media/articles/transcendence-2025-report.html URL をクリップボードにコピー 新しいタブで開く URL を検査","0","4","0%","7.8"
"https://techno-japan.media/artists/occa.html URL をクリップボードにコピー 新しいタブで開く URL を検査","0","4","0%","8.2"
"https://techno-japan.media/en/artists/tko.html URL をクリップボードにコピー 新しいタブで開く URL を検査","0","4","0%","8.8"
"https://techno-japan.media/festivals/ishinoko.html URL をクリップボードにコピー 新しいタブで開く URL を検査","0","4","0%","9.0"
"https://techno-japan.media/en/artists/akey.html URL をクリップボードにコピー 新しいタブで開く URL を検査","0","4","0%","9.2"
"https://techno-japan.media/en/festivals/synapse-festival.html URL をクリップボードにコピー 新しいタブで開く URL を検査","0","4","0%","9.5"
"https://techno-japan.media/en/festivals/balance.html URL をクリップボードにコピー 新しいタブで開く URL を検査","0","3","0%","2.3"
"https://techno-japan.media/en/festivals/kyoumei-gathering.html URL をクリップボードにコピー 新しいタブで開く URL を検査","0","3","0%","3.0"
"https://techno-japan.media/artists/so.html URL をクリップボードにコピー 新しいタブで開く URL を検査","0","3","0%","3.7"
"https://techno-japan.media/en/venues/triangle.html URL をクリップボードにコピー 新しいタブで開く URL を検査","0","3","0%","4.0"
"https://techno-japan.media/en/artists/hunee.html URL をクリップボードにコピー 新しいタブで開く URL を検査","0","3","0%","4.7"
"https://techno-japan.media/en/festivals/circle.html URL をクリップボードにコピー 新しいタブで開く URL を検査","0","3","0%","4.7"
"https://techno-japan.media/en/artists/qmico.html URL をクリップボードにコピー 新しいタブで開く URL を検査","0","3","0%","6.0"
"https://techno-japan.media/venues/triangle.html URL をクリップボードにコピー 新しいタブで開く URL を検査","0","3","0%","6.3"
"https://techno-japan.media/en/festivals/arch.html URL をクリップボードにコピー 新しいタブで開く URL を検査","0","3","0%","7.0"
"https://techno-japan.media/en/festivals/ala.html URL をクリップボードにコピー 新しいタブで開く URL を検査","0","3","0%","7.7"
"https://techno-japan.media/festivals/spring-love-harukaze.html URL をクリップボードにコピー 新しいタブで開く URL を検査","0","3","0%","7.7"
"https://techno-japan.media/artists/lady-shaka.html URL をクリップボードにコピー 新しいタブで開く URL を検査","0","3","0%","10.3"
"https://techno-japan.media/en/festivals/ultra-japan.html URL をクリップボードにコピー 新しいタブで開く URL を検査","0","3","0%","10.7"
"https://techno-japan.media/venues/liquidroom.html URL をクリップボードにコピー 新しいタブで開く URL を検査","0","3","0%","22.3"
"https://techno-japan.media/en/festivals/halola-camp.html URL をクリップボードにコピー 新しいタブで開く URL を検査","0","2","0%","1.5"
"https://techno-japan.media/festivals/fabulous.html URL をクリップボードにコピー 新しいタブで開く URL を検査","0","2","0%","3.0"
"https://techno-japan.media/en/artists/kohei.html URL をクリップボードにコピー 新しいタブで開く URL を検査","0","2","0%","3.5"
"https://techno-japan.media/en/festivals/bonna-pot.html URL をクリップボードにコピー 新しいタブで開く URL を検査","0","2","0%","4.0"
"https://techno-japan.media/en/artists/tazzy.html URL をクリップボードにコピー 新しいタブで開く URL を検査","0","2","0%","4.5"
"https://techno-japan.media/en/festivals/iyasaka-rave-festival.html URL をクリップボードにコピー 新しいタブで開く URL を検査","0","2","0%","4.5"
"https://techno-japan.media/en/festivals/etsuetsu.html URL をクリップボードにコピー 新しいタブで開く URL を検査","0","2","0%","5.0"
"https://techno-japan.media/en/artists/taichi-kawahira.html URL をクリップボードにコピー 新しいタブで開く URL を検査","0","2","0%","5.5"
"https://techno-japan.media/en/festivals/topia.html URL をクリップボードにコピー 新しいタブで開く URL を検査","0","2","0%","5.5"
"https://techno-japan.media/en/festivals/festival-fruezinho.html URL をクリップボードにコピー 新しいタブで開く URL を検査","0","2","0%","6.0"
"https://techno-japan.media/festivals/snow-machine-japan.html URL をクリップボードにコピー 新しいタブで開く URL を検査","0","2","0%","6.0"
"https://techno-japan.media/en/artists/daphni.html URL をクリップボードにコピー 新しいタブで開く URL を検査","0","2","0%","6.5"
"https://techno-japan.media/en/artists/yuripon.html URL をクリップボードにコピー 新しいタブで開く URL を検査","0","2","0%","6.5"
"https://techno-japan.media/en/festivals/circus.html URL をクリップボードにコピー 新しいタブで開く URL を検査","0","2","0%","6.5"
"https://techno-japan.media/artists/sylvan-esso.html URL をクリップボードにコピー 新しいタブで開く URL を検査","0","2","0%","7.5"
"https://techno-japan.media/artists/tsutomu.html URL をクリップボードにコピー 新しいタブで開く URL を検査","0","2","0%","7.5"
"https://techno-japan.media/en/artists/gonno.html URL をクリップボードにコピー 新しいタブで開く URL を検査","0","2","0%","7.5"
"https://techno-japan.media/en/festivals/car-multimedia.html URL をクリップボードにコピー 新しいタブで開く URL を検査","0","2","0%","8.0"
"https://techno-japan.media/en/festivals/goj-ichi-festival.html URL をクリップボードにコピー 新しいタブで開く URL を検査","0","2","0%","8.0"
"https://techno-japan.media/en/artists/mimu.html URL をクリップボードにコピー 新しいタブで開く URL を検査","0","2","0%","8.5"
"https://techno-japan.media/en/festivals/signal.html URL をクリップボードにコピー 新しいタブで開く URL を検査","0","2","0%","8.5"
"https://techno-japan.media/en/venues/oath.html URL をクリップボードにコピー 新しいタブで開く URL を検査","0","2","0%","8.5"
"https://techno-japan.media/en/artists/powder.html URL をクリップボードにコピー 新しいタブで開く URL を検査","0","2","0%","9.0"
"https://techno-japan.media/en/artists/sisi.html URL をクリップボードにコピー 新しいタブで開く URL を検査","0","2","0%","9.0"
"https://techno-japan.media/en/artists/akiram-en.html URL をクリップボードにコピー 新しいタブで開く URL を検査","0","2","0%","9.5"
"https://techno-japan.media/en/artists/tmak.html URL をクリップボードにコピー 新しいタブで開く URL を検査","0","2","0%","9.5"
"https://techno-japan.media/en/venues/www.html URL をクリップボードにコピー 新しいタブで開く URL を検査","0","2","0%","9.5"
"https://techno-japan.media/en/festivals/music.html URL をクリップボードにコピー 新しいタブで開く URL を検査","0","2","0%","10.5"
"https://techno-japan.media/en/artists/gerd-janson.html URL をクリップボードにコピー 新しいタブで開く URL を検査","0","2","0%","20.0"
"https://techno-japan.media/en/artists/helena-hauff.html URL をクリップボードにコピー 新しいタブで開く URL を検査","0","2","0%","34.5"
"https://techno-japan.media/artists/suze-ijo.html URL をクリップボードにコピー 新しいタブで開く URL を検査","0","1","0%","1.0"
"https://techno-japan.media/en/artists/sunga.html URL をクリップボードにコピー 新しいタブで開く URL を検査","0","1","0%","1.0"
"https://techno-japan.media/en/festivals/99flags.html URL をクリップボードにコピー 新しいタブで開く URL を検査","0","1","0%","1.0"
"https://techno-japan.media/en/festivals/fulirock.html URL をクリップボードにコピー 新しいタブで開く URL を検査","0","1","0%","1.0"
"https://techno-japan.media/festivals/signal.html URL をクリップボードにコピー 新しいタブで開く URL を検査","0","1","0%","1.0"
"https://techno-japan.media/en/festivals/orbit.html URL をクリップボードにコピー 新しいタブで開く URL を検査","0","1","0%","2.0"
"https://techno-japan.media/en/festivals/treks.html URL をクリップボードにコピー 新しいタブで開く URL を検査","0","1","0%","2.0"
"https://techno-japan.media/festivals/halola-camp.html URL をクリップボードにコピー 新しいタブで開く URL を検査","0","1","0%","2.0"
"https://techno-japan.media/artists/kiko-dinucci.html URL をクリップボードにコピー 新しいタブで開く URL を検査","0","1","0%","3.0"
"https://techno-japan.media/en/festivals/capsule.html URL をクリップボードにコピー 新しいタブで開く URL を検査","0","1","0%","3.0"
"https://techno-japan.media/en/festivals/ensou.html URL をクリップボードにコピー 新しいタブで開く URL を検査","0","1","0%","3.0"
"https://techno-japan.media/en/festivals/waifu.html URL をクリップボードにコピー 新しいタブで開く URL を検査","0","1","0%","3.0"
"https://techno-japan.media/artists/zundoko-disco.html URL をクリップボードにコピー 新しいタブで開く URL を検査","0","1","0%","4.0"
"https://techno-japan.media/festivals/ala.html URL をクリップボードにコピー 新しいタブで開く URL を検査","0","1","0%","4.0"
"https://techno-japan.media/en/articles/otsukimi-2026-info.html URL をクリップボードにコピー 新しいタブで開く URL を検査","0","1","0%","5.0"
"https://techno-japan.media/en/artists/seco.html URL をクリップボードにコピー 新しいタブで開く URL を検査","0","1","0%","5.0"
"https://techno-japan.media/en/festivals/delta-commit.html URL をクリップボードにコピー 新しいタブで開く URL を検査","0","1","0%","5.0"
"https://techno-japan.media/en/festivals/dots.html URL をクリップボードにコピー 新しいタブで開く URL を検査","0","1","0%","5.0"
"https://techno-japan.media/en/festivals/matricaria.html URL をクリップボードにコピー 新しいタブで開く URL を検査","0","1","0%","5.0"
"https://techno-japan.media/festivals/body-soul.html URL をクリップボードにコピー 新しいタブで開く URL を検査","0","1","0%","5.0"
"https://techno-japan.media/festivals/mori-michi-ichiba.html URL をクリップボードにコピー 新しいタブで開く URL を検査","0","1","0%","6.0"
"https://techno-japan.media/festivals/nu-festival.html URL をクリップボードにコピー 新しいタブで開く URL を検査","0","1","0%","6.0"
"https://techno-japan.media/festivals/okiraku-camp.html URL をクリップボードにコピー 新しいタブで開く URL を検査","0","1","0%","6.0"
"https://techno-japan.media/venues/sunhall.html URL をクリップボードにコピー 新しいタブで開く URL を検査","0","1","0%","6.0"
"https://techno-japan.media/en/artists/dj-kensei.html URL をクリップボードにコピー 新しいタブで開く URL を検査","0","1","0%","7.0"
"https://techno-japan.media/en/artists/norid.html URL をクリップボードにコピー 新しいタブで開く URL を検査","0","1","0%","7.0"
"https://techno-japan.media/festivals/technogaoka.html URL をクリップボードにコピー 新しいタブで開く URL を検査","0","1","0%","7.0"
"https://techno-japan.media/festivals/transcendence.html URL をクリップボードにコピー 新しいタブで開く URL を検査","0","1","0%","7.0"
"https://techno-japan.media/artists/daphni.html URL をクリップボードにコピー 新しいタブで開く URL を検査","0","1","0%","8.0"
"https://techno-japan.media/artists/suguru-mochizuki.html URL をクリップボードにコピー 新しいタブで開く URL を検査","0","1","0%","8.0"
"https://techno-japan.media/en/artists/allen-mock.html URL をクリップボードにコピー 新しいタブで開く URL を検査","0","1","0%","8.0"
"https://techno-japan.media/en/artists/kiko-dinucci.html URL をクリップボードにコピー 新しいタブで開く URL を検査","0","1","0%","8.0"
"https://techno-japan.media/en/festivals/detox.html URL をクリップボードにコピー 新しいタブで開く URL を検査","0","1","0%","8.0"
"https://techno-japan.media/artists/akiram-en.html URL をクリップボードにコピー 新しいタブで開く URL を検査","0","1","0%","9.0"
"https://techno-japan.media/artists/daniel-bell.html URL をクリップボードにコピー 新しいタブで開く URL を検査","0","1","0%","9.0"
"https://techno-japan.media/artists/feline.html URL をクリップボードにコピー 新しいタブで開く URL を検査","0","1","0%","9.0"
"https://techno-japan.media/en/artists/akaaki-ito.html URL をクリップボードにコピー 新しいタブで開く URL を検査","0","1","0%","9.0"
"https://techno-japan.media/en/artists/mr-disco-kid.html URL をクリップボードにコピー 新しいタブで開く URL を検査","0","1","0%","9.0"
"https://techno-japan.media/en/festivals/japonism.html URL をクリップボードにコピー 新しいタブで開く URL を検査","0","1","0%","9.0"
"https://techno-japan.media/artists/shimoyan.html URL をクリップボードにコピー 新しいタブで開く URL を検査","0","1","0%","10.0"
"https://techno-japan.media/en/artists/akihiro-suzuki.html URL をクリップボードにコピー 新しいタブで開く URL を検査","0","1","0%","10.0"
"https://techno-japan.media/en/artists/ben-ufo.html URL をクリップボードにコピー 新しいタブで開く URL を検査","0","1","0%","10.0"
"https://techno-japan.media/en/artists/kuo-from-sunset-rollercoaster.html URL をクリップボードにコピー 新しいタブで開く URL を検査","0","1","0%","10.0"
"https://techno-japan.media/en/artists/yellowuhuru.html URL をクリップボードにコピー 新しいタブで開く URL を検査","0","1","0%","10.0"
"https://techno-japan.media/en/festivals/euphoria.html URL をクリップボードにコピー 新しいタブで開く URL を検査","0","1","0%","10.0"
"https://techno-japan.media/en/festivals/sawagi-festival.html URL をクリップボードにコピー 新しいタブで開く URL を検査","0","1","0%","10.0"
"https://techno-japan.media/en/festivals/sonic-mania.html URL をクリップボードにコピー 新しいタブで開く URL を検査","0","1","0%","10.0"
"https://techno-japan.media/festivals/99flags.html URL をクリップボードにコピー 新しいタブで開く URL を検査","0","1","0%","10.0"
"https://techno-japan.media/festivals/paramount.html URL をクリップボードにコピー 新しいタブで開く URL を検査","0","1","0%","10.0"
"https://techno-japan.media/artists/masa-aka-kyounote.html URL をクリップボードにコピー 新しいタブで開く URL を検査","0","1","0%","11.0"
"https://techno-japan.media/en/artists/sakuma.html URL をクリップボードにコピー 新しいタブで開く URL を検査","0","1","0%","11.0"
"https://techno-japan.media/en/festivals/fuji-rock.html URL をクリップボードにコピー 新しいタブで開く URL を検査","0","1","0%","11.0"
"https://techno-japan.media/festivals/synapse-festival.html URL をクリップボードにコピー 新しいタブで開く URL を検査","0","1","0%","11.0"
"https://techno-japan.media/en/festivals/body-soul.html URL をクリップボードにコピー 新しいタブで開く URL を検査","0","1","0%","12.0"
"https://techno-japan.media/festivals/balance.html URL をクリップボードにコピー 新しいタブで開く URL を検査","0","1","0%","12.0"
"https://techno-japan.media/en/festivals/asagiri-jam.html URL をクリップボードにコピー 新しいタブで開く URL を検査","0","1","0%","15.0"
"https://techno-japan.media/festivals/waifu.html URL をクリップボードにコピー 新しいタブで開く URL を検査","0","1","0%","15.0"
"https://techno-japan.media/artists/the-master-musicians-of-joujouka.html URL をクリップボードにコピー 新しいタブで開く URL を検査","0","1","0%","16.0"
