"ARTIST_ID","NAME","CURRENT_SCHEMA_TYPE","MEMBER_IDS","ACTION"
"dj-nobu","DJ Nobu","","","person または music-group を設定（空欄時の表示既定はperson）"
"wata-igarashi","WATA IGARASHI","","","person または music-group を設定（空欄時の表示既定はperson）"
"kotsu","KOTSU","","","person または music-group を設定（空欄時の表示既定はperson）"
"ken-ishii","KEN ISHII","","","person または music-group を設定（空欄時の表示既定はperson）"
"dj-miku","Dj Miku","","","person または music-group を設定（空欄時の表示既定はperson）"
"dj-kensei","Dj Kensei","","","person または music-group を設定（空欄時の表示既定はperson）"
"dj-yogurt","Dj Yogurt","","","person または music-group を設定（空欄時の表示既定はperson）"
"hidai","Hidai","","","person または music-group を設定（空欄時の表示既定はperson）"
"taichi-kawahira","Taichi Kawahira","","","person または music-group を設定（空欄時の表示既定はperson）"
"tsutomu","Tsutomu","","","person または music-group を設定（空欄時の表示既定はperson）"
"qmico","Qmico","","","person または music-group を設定（空欄時の表示既定はperson）"
"ga-su","Ga Su","","","person または music-group を設定（空欄時の表示既定はperson）"
"freecinn","Freecinn","","","person または music-group を設定（空欄時の表示既定はperson）"
"nutmeg","Nutmeg","","","person または music-group を設定（空欄時の表示既定はperson）"
"snipe1","Snipe1","","","person または music-group を設定（空欄時の表示既定はperson）"
"liarako","Liarako","","","person または music-group を設定（空欄時の表示既定はperson）"
"akey","Akey","","","person または music-group を設定（空欄時の表示既定はperson）"
"ayumu","Ayumu","","","person または music-group を設定（空欄時の表示既定はperson）"
"captain-k","Captain K","","","person または music-group を設定（空欄時の表示既定はperson）"
"lowki","Lowki","","","person または music-group を設定（空欄時の表示既定はperson）"
"masa-aka-kyounote","Masa Aka Kyounote","","","person または music-group を設定（空欄時の表示既定はperson）"
"menou-iwamaki","Menou Iwamaki","","","person または music-group を設定（空欄時の表示既定はperson）"
"mimu","Mimu","","","person または music-group を設定（空欄時の表示既定はperson）"
"naotsun","Naotsun","","","person または music-group を設定（空欄時の表示既定はperson）"
"norid","Norid","","","person または music-group を設定（空欄時の表示既定はperson）"
"sakuma","Sakuma","","","person または music-group を設定（空欄時の表示既定はperson）"
"seco","Seco","","","person または music-group を設定（空欄時の表示既定はperson）"
"shimoyan","Shimoyan","","","person または music-group を設定（空欄時の表示既定はperson）"
"tada","Tada","","","person または music-group を設定（空欄時の表示既定はperson）"
"yazzus","Yazzus","","","person または music-group を設定（空欄時の表示既定はperson）"
"cosmic-caz","Cosmic Caz","","","person または music-group を設定（空欄時の表示既定はperson）"
"janus-rose","Janus Rose","","","person または music-group を設定（空欄時の表示既定はperson）"
"mayudepth","Mayudepth","","","person または music-group を設定（空欄時の表示既定はperson）"
"akii","Akii","","","person または music-group を設定（空欄時の表示既定はperson）"
"mio","Mio","","","person または music-group を設定（空欄時の表示既定はperson）"
"aliceyuki","Aliceyuki","","","person または music-group を設定（空欄時の表示既定はperson）"
"akaaki-ito","Akaaki Ito","","","person または music-group を設定（空欄時の表示既定はperson）"
"choko","Choko","","","person または music-group を設定（空欄時の表示既定はperson）"
"akihiro-suzuki","Akihiro Suzuki","","","person または music-group を設定（空欄時の表示既定はperson）"
"endorphin","Endorphin","","","person または music-group を設定（空欄時の表示既定はperson）"
"kevin-miyagi","Kevin Miyagi","","","person または music-group を設定（空欄時の表示既定はperson）"
"psychogem","Psychogem","","","person または music-group を設定（空欄時の表示既定はperson）"
"sho","Sho","","","person または music-group を設定（空欄時の表示既定はperson）"
"takehiro-imaizumi","Takehiro Imaizumi","","","person または music-group を設定（空欄時の表示既定はperson）"
"tazzy","Tazzy","","","person または music-group を設定（空欄時の表示既定はperson）"
"tko","Tko","","","person または music-group を設定（空欄時の表示既定はperson）"
"tmak","Tmak","","","person または music-group を設定（空欄時の表示既定はperson）"
"yeark","Yeark","","","person または music-group を設定（空欄時の表示既定はperson）"
"yuripon","Yuripon","","","person または music-group を設定（空欄時の表示既定はperson）"
"ao","青","","","person または music-group を設定（空欄時の表示既定はperson）"
"198","198","","","person または music-group を設定（空欄時の表示既定はperson）"
"antal-hunee","Antal b2b Hunee","","","person または music-group を設定（空欄時の表示既定はperson）"
"ben-ufo","Ben Ufo","","","person または music-group を設定（空欄時の表示既定はperson）"
"daphni","Daphni","","","person または music-group を設定（空欄時の表示既定はperson）"
"dj-maria","Dj Maria.","","","person または music-group を設定（空欄時の表示既定はperson）"
"dungeoneering","Dungeoneering","","","person または music-group を設定（空欄時の表示既定はperson）"
"feline","Feline","","","person または music-group を設定（空欄時の表示既定はperson）"
"floating-points","Floating Points","","","person または music-group を設定（空欄時の表示既定はperson）"
"gerd-janson","Gerd Janson","","","person または music-group を設定（空欄時の表示既定はperson）"
"gonno","Gonno","","","person または music-group を設定（空欄時の表示既定はperson）"
"haai","Haai","","","person または music-group を設定（空欄時の表示既定はperson）"
"helena-hauff","Helena Hauff","","","person または music-group を設定（空欄時の表示既定はperson）"
"jonathan-kusuma","Jonathan Kusuma","","","person または music-group を設定（空欄時の表示既定はperson）"
"jonny-rock","Jonny Rock","","","person または music-group を設定（空欄時の表示既定はperson）"
"kikiorix","Kikiorix","","","person または music-group を設定（空欄時の表示既定はperson）"
"mala","Mala","","","person または music-group を設定（空欄時の表示既定はperson）"
"nc4k","Nc4k(Stones Taro b2b Lomax)","","","person または music-group を設定（空欄時の表示既定はperson）"
"sisi-b2b-ouissam-b2b-yamarchy","Sisi b2b Ouissam b2b Yamarchy","","","person または music-group を設定（空欄時の表示既定はperson）"
"suze-ij","Suze Ij","","","person または music-group を設定（空欄時の表示既定はperson）"
"four-tet","Four Tet","","","person または music-group を設定（空欄時の表示既定はperson）"
"ojisan","Ojisan","","","person または music-group を設定（空欄時の表示既定はperson）"
"noritake","Noritake","","","person または music-group を設定（空欄時の表示既定はperson）"
"eric-cloutier","Eric Cloutier","","","person または music-group を設定（空欄時の表示既定はperson）"
"caimann","Caimann","","","person または music-group を設定（空欄時の表示既定はperson）"
"fuji","FUJI","","","person または music-group を設定（空欄時の表示既定はperson）"
"prins-thomas","Prins Thomas","","","person または music-group を設定（空欄時の表示既定はperson）"
"rami","RAMI","","","person または music-group を設定（空欄時の表示既定はperson）"
"pianeti-sintetici","Pianeti Sintetici","","","person または music-group を設定（空欄時の表示既定はperson）"
"ground","Ground","","","person または music-group を設定（空欄時の表示既定はperson）"
"akie","Akie","","","person または music-group を設定（空欄時の表示既定はperson）"
"adhemar","AdhéMar","","","person または music-group を設定（空欄時の表示既定はperson）"
"allen-mock","Allen Mock","","","person または music-group を設定（空欄時の表示既定はperson）"
"doltz","Doltz","","","person または music-group を設定（空欄時の表示既定はperson）"
"joma","Joma","","","person または music-group を設定（空欄時の表示既定はperson）"
"suguru-mochizuki","Suguru Mochizuki","","","person または music-group を設定（空欄時の表示既定はperson）"
"yukimasa","YUKIMASA","","","person または music-group を設定（空欄時の表示既定はperson）"
"tonbo","Tonbo","","","person または music-group を設定（空欄時の表示既定はperson）"
"sunga","SUNGA","","","person または music-group を設定（空欄時の表示既定はperson）"
"dj-yazi","DJ Yazi","","","person または music-group を設定（空欄時の表示既定はperson）"
"iron","Iron","","","person または music-group を設定（空欄時の表示既定はperson）"
"Kiko Dinucci","Kiko Dinucci","","","person または music-group を設定（空欄時の表示既定はperson）"
"The Master Musicians of Joujouka","The Master Musicians Of Joujouka","","","person または music-group を設定（空欄時の表示既定はperson）"
"Kuo from Sunset Rollercoaster","Kuo From Sunset Rollercoaster","","","person または music-group を設定（空欄時の表示既定はperson）"
"Sylvan Esso","Sylvan Esso","","","person または music-group を設定（空欄時の表示既定はperson）"
"Acid Pauli","Acid Pauli","","","person または music-group を設定（空欄時の表示既定はperson）"
"Alabaster DePlume","Alabaster DePlume","","","person または music-group を設定（空欄時の表示既定はperson）"
"Juana Molina","Juana Molina","","","person または music-group を設定（空欄時の表示既定はperson）"
