ID,NAME,URL,DATE,CITY
snow-machine-japan,Snow Machine Japan,https://hakuba.snow-machine.com/ja/,2026-03-03/2026-03-08,Hakuba
waifu,WAIFU,https://waifu-party.tokyo/,2026-04-11/2026-04-12,Chiba
arch,ARCH,,2026-04-11/2026-04-12,Gunma
rainbow-disco-club,Rainbow Disco Club,https://www.rainbowdiscoclub.com/,2026-04-17/2026-04-19,Shizuoka
osukinidouzo,Osukinidouzo,,2026-05-02/2026-05-04,Kanagawa
transcendence,Transcendence,https://transcendence-jp.com/,2026-05-08/2026-05-10,Nagano
link-open-air,Link Open Air,,2026-05-30/2026-05-31,Toyama
japonism,JAPONISM,,2026-05-30/2026-05-31,Tochigi
goj-ichi-festival,Gojū-Ichi Festival,,2026-06-05/2026-06-07,Tokyo
festival-fruezinho,FESTIVAL FRUEZINHO,,2026-06-13/2026-06-13,Tokyo
dots,Dots,,2026-06-19/2026-06-21,Hokkaido
samsara,SAMSARA,,2026-06-20/2026-06-21,Nagano
halola-camp,HALOLA CAMP,,2026-06-27/2026-06-28,Hokkaido
moment,Moment,,2026-07-03/2026-07-05,Nara
rural,Rural,,2026-07-17/2026-07-20,Fukushima
fulirock,FuliRock,,2026-07-24/2026-07-26,Niigata
sonic-mania,Sonic Mania,,2026-08-14/2026-08-15,Chiba
one-park-festival,ONE PARK FESTIVAL,,2026-09-05/2026-09-06,Fukui
re-birth-festival,Re:birth Festival,https://www.rebirth-fes.com/,2026-09-11/2026-09-13,Nagano
ultra-japan,Ultra Japan,,2026-09-19/2026-09-20,Tokyo
otsukimi,御月民 -OTSUKIMI-,,2026-09-28/2026-09-29,Nagano
synapse-festival,Synapse Festival,,2026-10-02/2026-10-04,Fukuoka
yagura,YAGURA,,2026-10-10/2026-10-11,Gifu
labyrinth,Labyrinth,,2026-10-10/2026-10-12,Gunma
wonderfruit-kyoto,Wonderfruit Kyoto,,2026-10-21/2026-10-25,Kyoto
unknown,Unknown,,2024-10-18/2024-10-20,Shizuoka
wormhole,wormhole,,2024-10-26/2024-10-27,Mie
dom,DOM24,,2024-10-27,Tokyo
parallel-world,PARALLEL WORLD,,2024-11-03/2024-11-04,
bonna-pot,Bonna Pot,,2024-11-08/2024-11-10,Shizuoka
lab,LAB.vol.6,,2025-03-15/2025-03-16,Yamanashi
axiom,axiom,,2025-04-19/2025-04-20,Yamanashi
balance,Balance,,2025-05-16/2025-05-18,Gunma
intergalactic,Intergalactic Festival,,2025-05-31,Chiba
body-soul,Body&SOUL Live in Japan,,2026-06-07,Tokyo
signal,Signal,,2025-06-14/2025-06-15,Yamanashi
euphoria,Euphoria,,2025-07-11/2025-07-12,Tokyo
orbit,ORBIT,,2025-07-11/2025-07-12,Fukui
yamauto,YAMAUTO,,2025-08-09/2025-08-18,Shiga
specialflower-festival,SPECIALFLOWER FESTIVAL,,2025-08-10/2025-08-11,Ibaraki
loa-lost-paradise,LOA-LOST PARADISE-,,2025-08-16/2025-08-17,Ibaraki
sawagi-festival,Sawagi Festival,,2025-08-22/2025-08-24,Yamanashi
one-music-camp,ONE MUSIC CAMP,,2025-08-23/2025-08-24,Hyogo
global-ark,Global Ark,,2025-08-29/2025-08-31,Gunma
kyoumei-gathering,KYOUMEI GatherinG,,2025-08-29/2025-08-31,Hokkaido
bondisco,BonDisco,,2025-08-30/2025-08-31,Kyoto
pure-rave,PURE RAVE,,2025-09-06/2025-09-08,Kanto
big-fun,BIG FUN,,2025-09-07,Hokkaido
okiraku-camp,OKIRAKU CAMP,,2025-09-13/2025-09-14,Wakayama
gampeki,GAMPEKI,,2025-09-20/2025-09-21,Yamagata
sangenjaya-music-festival,SANGENJAYA MUSIC FESTIVAL,,2025-09-20/2025-09-21,Tokyo
colors-presents-soundcamp,COLORS Presents SOUNDCAMP,,2025-09-21/2025-09-23,Hokkaido
festival40010,Festival40010,,2025-09-26/2025-09-28,Kochi
ffkt,FFKT,,2025-09-27/2025-09-28,Shizuoka
music-camp-core,Music Camp CORE,,2025-10-03/2025-10-04,Toyama
circus,CIRCUS,,2025-10-04,Tokyo
each-story,EACH STORY,,2025-10-04/2025-10-05,Nagano
rare-groove,Rare Groove,,2025-10-04/2025-10-05,Yamanashi
delta-commit,DELTA COMMIT,,2025-10-04/2025-10-05,Yamanashi
music,＋music,,2025-10-11/2025-10-12,Tokyo
ishinoko,ishinoko,,2025-10-11/2025-10-13,Ishikawa
treks,TREKs,,2025-10-17/2025-10-19,Kyoto
circle,Circle,,2025-10-17/2025-10-19,Nagano
one-park-riverfes,ONE PARK RIVERFES,,2025-10-18/2025-10-19,Gifu
lost-find,Lost&Find,,2025-10-18/2025-10-19,Shizuoka
asagiri-jam,ASAGIRI JAM,,2025-10-18/2025-10-19,Shizuoka
dream-festival,DREAM FESTIVAL,,2025-10-18/2025-10-19,Yamanashi
annahme,annahme,,2025-10-25/2025-10-26,kochi
brightness,Brightness,,2025-10-25/2025-10-26,Kawasaki
capsule,CAPSULE-山中湖花火音楽祭,,2025-10-25/2025-10-26,Yamanashi
midnight-cult-rave,MIDNIGHT CULT RAVE,,2025-11-01/2025-11-02,Yamanashi
mirrorball-village,Mirrorball Village,,2025-11-01/2025-11-03,Nagasaki
grow-the-culture-open-air,GROW THE CULTURE OPEN AIR,https://growtheculture.jp/,2026-11-07/2026-11-08,Tokyo
iyasaka-rave-festival,IYASAKA RAVE FESTIVAL,,2025-11-14/2025-11-16,Okinawa
topia,Topia,,2025-11-15,Chiba
mutek,Mutek,,2025-11-20/2025-11-23,Tokyo
odyssey,Odyssey,,2026-09-25/2026-09-27,Miyazaki
takarajima-beach-cleaning-party,TAKARAJIMA-Beach Cleaning Party-,,2025-11-29/2025-11-30,Okinawa
technogaoka,Technogaoka,,2026-04-25/2026-04-26,Hyogo
