"EDITION_ID","ARTIST_IDS","JOIN_TYPE","PERF_TYPE","ACT_LABEL","STAGE","DAY","START","END","SORT"
"waifu-2026","yazzus","","dj","","","","","","1"
"waifu-2026","cosmic-caz","","dj","","","","","","2"
"waifu-2026","janus-rose","","dj","","","","","","3"
"waifu-2026","mayudepth","","dj","","","","","","4"
"waifu-2026","akii","","dj","","","","","","5"
"waifu-2026","","","dj","M.I.O","","","","","6"
"waifu-2026","aliceyuki","","dj","","","","","","7"
"arch-2026","choko","","dj","","","","","","1"
"arch-2026","","","dj","CAPTAIN-K","","","","","2"
"arch-2026","akihiro-suzuki","","dj","","","","","","3"
"arch-2026","endorphin","","dj","","","","","","4"
"arch-2026","kevin-miyagi","","dj","","","","","","5"
"arch-2026","psychogem","","dj","","","","","","6"
"arch-2026","sho","","dj","","","","","","7"
"arch-2026","takehiro-imaizumi","","dj","","","","","","8"
"arch-2026","tazzy","","dj","","","","","","9"
"arch-2026","tko","","dj","","","","","","10"
"arch-2026","tmak","","dj","","","","","","11"
"arch-2026","yeark","","dj","","","","","","12"
"arch-2026","yuripon","","dj","","","","","","13"
"arch-2026","ao","","dj","","","","","","14"
"arch-2026","198","","dj","","","","","","15"
"rainbow-disco-club-2026","","","dj","Antal & Hunee","","","","","1"
"rainbow-disco-club-2026","ben-ufo","","dj","","","","","","2"
"rainbow-disco-club-2026","daphni","","dj","","","","","","3"
"rainbow-disco-club-2026","dj-maria","","dj","","","","","","4"
"rainbow-disco-club-2026","","","dj","Dungeoneering (Albino Sound & Daigos)","","","","","5"
"rainbow-disco-club-2026","feline","","dj","","","","","","6"
"rainbow-disco-club-2026","floating-points","","dj","","","","","","7"
"rainbow-disco-club-2026","gerd-janson","","dj","","","","","","8"
"rainbow-disco-club-2026","gonno","","dj","","","","","","9"
"rainbow-disco-club-2026","haai","","dj","","","","","","10"
"rainbow-disco-club-2026","helena-hauff","","dj","","","","","","11"
"rainbow-disco-club-2026","jonathan-kusuma","","dj","","","","","","12"
"rainbow-disco-club-2026","jonny-rock","","dj","","","","","","13"
"rainbow-disco-club-2026","kikiorix","","dj","","","","","","14"
"rainbow-disco-club-2026","mala","","dj","","","","","","15"
"rainbow-disco-club-2026","","","dj","NC4K (Stones Taro & Lomax)","","","","","16"
"rainbow-disco-club-2026","","b2b","","Sisi b2b Ouissam b2b Yamarchy","","","","","17"
"rainbow-disco-club-2026","","","dj","Suze Ijó","","","","","18"
"rainbow-disco-club-2026","four-tet","","dj","","","","","","19"
"ala-2026","dj-miku","","dj","","","","","","1"
"ala-2026","dj-kensei","","dj","","","","","","2"
"ala-2026","dj-yogurt","","dj","","","","","","3"
"ala-2026","hidai","","dj","","","","","","4"
"ala-2026","taichi-kawahira","","dj","","","","","","5"
"ala-2026","tsutomu","","dj","","","","","","6"
"ala-2026","qmico","","dj","","","","","","7"
"ala-2026","","","dj","GA-SU","","","","","8"
"ala-2026","","","dj","free☆cinn.","","","","","9"
"ala-2026","nutmeg","","dj","","","","","","10"
"ala-2026","snipe1","","dj","","","","","","11"
"ala-2026","liarako","","dj","","","","","","12"
"transcendence-2026","","","dj","DJ KURI","","","","","1"
"transcendence-2026","dj-maria","","dj","","","","","","2"
"transcendence-2026","dj-nobu","","dj","","","","","","3"
"transcendence-2026","","","dj","Garçon","","","","","4"
"transcendence-2026","","","dj","Kohra","","","","","5"
"transcendence-2026","","","dj","Paquita Gordon","","","","","6"
"transcendence-2026","","","dj","Takumi Inamoto","","","","","7"
"transcendence-2026","","","dj","Timnah","","","","","8"
"transcendence-2026","","","dj","upsammy","","","","","9"
"transcendence-2026","","","dj","YSK","","","","","10"
"transcendence-2026","","","dj","Yuzo Iwata","","","","","11"
"transcendence-2026","","b2b","","Zitto B2B Zurkin","","","","","12"
"99flags-2026","","","dj","MOODMAN","","","","","1"
"99flags-2026","","","dj","SHIBATA","","","","","2"
"99flags-2026","","","dj","P-YAN","","","","","3"
"99flags-2026","","","dj","ATSUKI","","","","","4"
"99flags-2026","","","dj","KARUTA","","","","","5"
"99flags-2026","","","dj","LEVOLANT","","","","","6"
"99flags-2026","","","dj","CONNOR","","","","","7"
"99flags-2026","rami","","dj","","","","","","8"
"99flags-2026","","","dj","DJ BIN","","","","","9"
"99flags-2026","","","dj","ABURA","","","","","10"
"99flags-2026","","","dj","ENUOH","","","","","11"
"99flags-2026","","","dj","MATSUNAMI","","","","","12"
"99flags-2026","","","dj","AKG++","","","","","13"
"the-star-festival-2026","","","dj","CLIPZ","","","","","1"
"the-star-festival-2026","","","dj","DJ HYPE","","","","","2"
"the-star-festival-2026","","","dj","dj masda","","","","","3"
"the-star-festival-2026","","","dj","Guchon","","","","","4"
"the-star-festival-2026","","","dj","Lady Shaka","","","","","5"
"the-star-festival-2026","","","dj","MAKOTO","","","","","6"
"the-star-festival-2026","","","dj","MC GQ","","","","","7"
"the-star-festival-2026","","","dj","Minna-no-kimochi","","","","","8"
"the-star-festival-2026","","","dj","nasthug","","","","","9"
"the-star-festival-2026","","","dj","okadada","","","","","10"
"the-star-festival-2026","","","dj","Powder","","","","","11"
"the-star-festival-2026","","","dj","ralph","","","","","12"
"the-star-festival-2026","","","dj","riria","","","","","13"
"the-star-festival-2026","","","dj","ryota","","","","","14"
"the-star-festival-2026","","","dj","SHERELLE","","","","","15"
"paramount-2026","","","dj","AMORAL","","","","","1"
"paramount-2026","","","dj","oma totem","","","","","2"
"paramount-2026","","","dj","Space Drum Meditation - Live","","","","","3"
"paramount-2026","","","dj","SUNA","","","","","4"
"paramount-2026","hidai","","dj","","","","","","5"
"paramount-2026","mimu","","dj","","","","","","6"
"paramount-2026","","","dj","NOCO","","","","","7"
"paramount-2026","","","dj","Shuuma","","","","","8"
"paramount-2026","","","dj","TAAAHHH","","","","","9"
"matricaria-2026","prins-thomas","","dj","","","","","","1"
"matricaria-2026","eric-cloutier","","dj","","","","","","2"
"matricaria-2026","pianeti-sintetici","","dj","","","","","","3"
"matricaria-2026","adhemar","","dj","","","","","","4"
"matricaria-2026","akie","","dj","","","","","","5"
"matricaria-2026","allen-mock","","dj","","","","","","6"
"matricaria-2026","caimann","","dj","","","","","","7"
"matricaria-2026","dj-yazi","","dj","","","","","","8"
"matricaria-2026","","","live","Doltz. -live-","","","","","9"
"matricaria-2026","fuji","","dj","","","","","","10"
"matricaria-2026","ground","","dj","","","","","","11"
"matricaria-2026","iron","","dj","","","","","","12"
"matricaria-2026","joma","","dj","","","","","","13"
"matricaria-2026","noritake","","dj","","","","","","14"
"matricaria-2026","ojisan","","dj","","","","","","15"
"matricaria-2026","rami","","dj","","","","","","16"
"matricaria-2026","suguru-mochizuki","","dj","","","","","","17"
"matricaria-2026","sunga","","dj","","","","","","18"
"matricaria-2026","","","live","Tonbo -live-","","","","","19"
"matricaria-2026","yukimasa","","dj","","","","","","20"
"matricaria-2026","gonno","","dj","","","","","","21"
