上位のページ,クリック数,表示回数,CTR,掲載順位
"https://techno-japan.media/festivals/big-fun.html","85","1,851","4.6%","6.3"
"https://techno-japan.media/festivals.html","37","335","11%","5.5"
"https://techno-japan.media/festivals/re-birth-festival.html","35","1,979","1.8%","8.0"
"https://techno-japan.media/festivals/forest-sound-camp.html","31","406","7.6%","5.8"
"https://techno-japan.media/festivals/otsukimi.html","25","378","6.6%","6.7"
"https://techno-japan.media/en/festivals/forest-sound-camp.html","20","160","12.5%","5.1"
"https://techno-japan.media/","15","133","11.3%","8.5"
"https://techno-japan.media/articles/loa-lost-paradise-2026-info.html","14","113","12.4%","4.8"
"https://techno-japan.media/festivals/odyssey.html","14","84","16.7%","3.8"
"https://techno-japan.media/festivals/detox.html","14","25","56%","2.7"
"https://techno-japan.media/articles/otsukimi-2026-info.html URL をクリップボードにコピー 新しいタブで開く URL を検査","13","240","5.4%","4.7"
"https://techno-japan.media/articles/japan-festival-2026-september.html URL をクリップボードにコピー 新しいタブで開く URL を検査","13","94","13.8%","6.4"
"https://techno-japan.media/articles/rebirth-2026-info.html URL をクリップボードにコピー 新しいタブで開く URL を検査","12","132","9.1%","6.9"
"https://techno-japan.media/articles/synapse-2026-info.html URL をクリップボードにコピー 新しいタブで開く URL を検査","12","116","10.3%","7.2"
"https://techno-japan.media/en/festivals.html URL をクリップボードにコピー 新しいタブで開く URL を検査","11","322","3.4%","7.0"
"https://techno-japan.media/artists/powder.html URL をクリップボードにコピー 新しいタブで開く URL を検査","10","129","7.8%","9.1"
"https://techno-japan.media/festivals/e-groove.html URL をクリップボードにコピー 新しいタブで開く URL を検査","10","18","55.6%","4.7"
"https://techno-japan.media/en/festivals/labyrinth.html URL をクリップボードにコピー 新しいタブで開く URL を検査","5","229","2.2%","6.7"
"https://techno-japan.media/festivals/circus.html URL をクリップボードにコピー 新しいタブで開く URL を検査","5","190","2.6%","8.3"
"https://techno-japan.media/en/index.html URL をクリップボードにコピー 新しいタブで開く URL を検査","5","121","4.1%","7.5"
"https://techno-japan.media/festivals/one-park-festival.html URL をクリップボードにコピー 新しいタブで開く URL を検査","5","90","5.6%","5.8"
"https://techno-japan.media/venues/circus-osaka.html URL をクリップボードにコピー 新しいタブで開く URL を検査","5","59","8.5%","10.8"
"https://techno-japan.media/articles/odyssey-2026-info.html URL をクリップボードにコピー 新しいタブで開く URL を検査","5","18","27.8%","2.1"
"https://techno-japan.media/festivals/colors-presents-soundcamp.html URL をクリップボードにコピー 新しいタブで開く URL を検査","4","155","2.6%","6.1"
"https://techno-japan.media/articles/bondisco-2026-info.html URL をクリップボードにコピー 新しいタブで開く URL を検査","4","20","20%","5.4"
"https://techno-japan.media/en/festivals/festival-de-frue.html URL をクリップボードにコピー 新しいタブで開く URL を検査","4","18","22.2%","4.6"
"https://techno-japan.media/venues/mitsuki.html URL をクリップボードにコピー 新しいタブで開く URL を検査","3","516","0.6%","9.1"
"https://techno-japan.media/venues/the-room.html URL をクリップボードにコピー 新しいタブで開く URL を検査","3","384","0.8%","9.8"
"https://techno-japan.media/artists/gonno.html URL をクリップボードにコピー 新しいタブで開く URL を検査","3","64","4.7%","9.1"
"https://techno-japan.media/venues/club-joule.html URL をクリップボードにコピー 新しいタブで開く URL を検査","2","218","0.9%","11.6"
"https://techno-japan.media/venues/saloon.html URL をクリップボードにコピー 新しいタブで開く URL を検査","2","152","1.3%","7.8"
"https://techno-japan.media/articles/snow-mashine-2027-info.html URL をクリップボードにコピー 新しいタブで開く URL を検査","2","99","2%","5.1"
"https://techno-japan.media/artists/dj-kensei.html URL をクリップボードにコピー 新しいタブで開く URL を検査","2","81","2.5%","11.1"
"https://techno-japan.media/venues/unit.html URL をクリップボードにコピー 新しいタブで開く URL を検査","2","72","2.8%","13.7"
"https://techno-japan.media/venues/solfa.html URL をクリップボードにコピー 新しいタブで開く URL を検査","2","61","3.3%","15.0"
"https://techno-japan.media/en/about.html URL をクリップボードにコピー 新しいタブで開く URL を検査","2","50","4%","9.5"
"https://techno-japan.media/venues/noon.html URL をクリップボードにコピー 新しいタブで開く URL を検査","2","44","4.5%","8.5"
"https://techno-japan.media/venues/compufunk.html URL をクリップボードにコピー 新しいタブで開く URL を検査","2","37","5.4%","9.0"
"https://techno-japan.media/en/festivals/grow-the-culture-open-air.html URL をクリップボードにコピー 新しいタブで開く URL を検査","2","30","6.7%","5.3"
"https://techno-japan.media/articles/forest-sound-camp-info.html URL をクリップボードにコピー 新しいタブで開く URL を検査","2","27","7.4%","3.7"
"https://techno-japan.media/artists/taichi-kawahira.html URL をクリップボードにコピー 新しいタブで開く URL を検査","2","21","9.5%","7.1"
"https://techno-japan.media/en/festivals/otsukimi.html URL をクリップボードにコピー 新しいタブで開く URL を検査","2","18","11.1%","3.8"
"https://techno-japan.media/artists/hidai.html URL をクリップボードにコピー 新しいタブで開く URL を検査","2","18","11.1%","5.6"
"https://techno-japan.media/en/festivals/e-groove.html URL をクリップボードにコピー 新しいタブで開く URL を検査","2","16","12.5%","14.7"
"https://techno-japan.media/en/festivals/moment.html URL をクリップボードにコピー 新しいタブで開く URL を検査","2","15","13.3%","5.2"
"https://techno-japan.media/en/festivals/odyssey.html URL をクリップボードにコピー 新しいタブで開く URL を検査","2","9","22.2%","4.4"
"https://techno-japan.media/articles/asia-festival-2026-second.html URL をクリップボードにコピー 新しいタブで開く URL を検査","2","9","22.2%","6.8"
"https://techno-japan.media/en/festivals/detox.html URL をクリップボードにコピー 新しいタブで開く URL を検査","2","7","28.6%","3.9"
"https://techno-japan.media/festivals/fabulous.html URL をクリップボードにコピー 新しいタブで開く URL を検査","2","6","33.3%","2.2"
"https://techno-japan.media/en/artists.html URL をクリップボードにコピー 新しいタブで開く URL を検査","1","205","0.5%","10.0"
"https://techno-japan.media/en/festivals/re-birth-festival.html URL をクリップボードにコピー 新しいタブで開く URL を検査","1","129","0.8%","7.4"
"https://techno-japan.media/venues/oath.html URL をクリップボードにコピー 新しいタブで開く URL を検査","1","115","0.9%","8.5"
"https://techno-japan.media/en/festivals/yamauto.html URL をクリップボードにコピー 新しいタブで開く URL を検査","1","86","1.2%","5.8"
"https://techno-japan.media/artists/dj-nobu.html URL をクリップボードにコピー 新しいタブで開く URL を検査","1","60","1.7%","23.8"
"https://techno-japan.media/artists.html URL をクリップボードにコピー 新しいタブで開く URL を検査","1","54","1.9%","12.3"
"https://techno-japan.media/festivals/ffkt.html URL をクリップボードにコピー 新しいタブで開く URL を検査","1","44","2.3%","9.1"
"https://techno-japan.media/en/festivals/intergalactic.html URL をクリップボードにコピー 新しいタブで開く URL を検査","1","38","2.6%","7.9"
"https://techno-japan.media/artists/ben-ufo.html URL をクリップボードにコピー 新しいタブで開く URL を検査","1","21","4.8%","9.0"
"https://techno-japan.media/about.html URL をクリップボードにコピー 新しいタブで開く URL を検査","1","20","5%","26.1"
"https://techno-japan.media/festivals/yamauto.html URL をクリップボードにコピー 新しいタブで開く URL を検査","1","18","5.6%","7.4"
"https://techno-japan.media/festivals/festival-de-frue.html URL をクリップボードにコピー 新しいタブで開く URL を検査","1","14","7.1%","7.6"
"https://techno-japan.media/artists/dj-yogurt.html URL をクリップボードにコピー 新しいタブで開く URL を検査","1","14","7.1%","17.4"
"https://techno-japan.media/en/festivals/the-star-festival.html URL をクリップボードにコピー 新しいタブで開く URL を検査","1","13","7.7%","4.9"
"https://techno-japan.media/en/festivals/bondisco.html URL をクリップボードにコピー 新しいタブで開く URL を検査","1","13","7.7%","5.1"
"https://techno-japan.media/festivals/labyrinth.html URL をクリップボードにコピー 新しいタブで開く URL を検査","1","13","7.7%","7.4"
"https://techno-japan.media/festivals/grow-the-culture-open-air.html URL をクリップボードにコピー 新しいタブで開く URL を検査","1","12","8.3%","6.5"
"https://techno-japan.media/news.html URL をクリップボードにコピー 新しいタブで開く URL を検査","1","9","11.1%","44.9"
"https://techno-japan.media/en/festivals/dream-festival.html URL をクリップボードにコピー 新しいタブで開く URL を検査","1","6","16.7%","3.8"
"https://techno-japan.media/articles/shifumiz-2026-info.html URL をクリップボードにコピー 新しいタブで開く URL を検査","1","5","20%","3.4"
"https://techno-japan.media/festivals/japonism.html URL をクリップボードにコピー 新しいタブで開く URL を検査","1","5","20%","7.0"
"https://techno-japan.media/festivals/loa-lost-paradise.html URL をクリップボードにコピー 新しいタブで開く URL を検査","1","4","25%","4.0"
"https://techno-japan.media/venues/www.html URL をクリップボードにコピー 新しいタブで開く URL を検査","1","4","25%","4.2"
"https://techno-japan.media/articles/post-20251120.html URL をクリップボードにコピー 新しいタブで開く URL を検査","1","3","33.3%","8.0"
"https://techno-japan.media/en/artists/ken-ishii.html URL をクリップボードにコピー 新しいタブで開く URL を検査","1","3","33.3%","25.3"
"https://techno-japan.media/en/festivals/colors-presents-soundcamp.html URL をクリップボードにコピー 新しいタブで開く URL を検査","1","2","50%","3.0"
"https://techno-japan.media/festivals/arch.html URL をクリップボードにコピー 新しいタブで開く URL を検査","1","2","50%","5.0"
"https://techno-japan.media/festivals/car-multimedia.html URL をクリップボードにコピー 新しいタブで開く URL を検査","1","2","50%","6.0"
"https://techno-japan.media/en/artists/rami.html URL をクリップボードにコピー 新しいタブで開く URL を検査","1","2","50%","10.5"
"https://techno-japan.media/en/festivals/annahme.html URL をクリップボードにコピー 新しいタブで開く URL を検査","1","1","100%","2.0"
"https://techno-japan.media/artists/kiko-dinucci.html URL をクリップボードにコピー 新しいタブで開く URL を検査","1","1","100%","11.0"
"https://techno-japan.media/en/venues/liquidroom.html URL をクリップボードにコピー 新しいタブで開く URL を検査","0","115","0%","9.4"
"https://techno-japan.media/venues/vent.html URL をクリップボードにコピー 新しいタブで開く URL を検査","0","109","0%","9.7"
"https://techno-japan.media/venues/bonobo.html URL をクリップボードにコピー 新しいタブで開く URL を検査","0","101","0%","14.1"
"https://techno-japan.media/en/venues.html URL をクリップボードにコピー 新しいタブで開く URL を検査","0","93","0%","8.9"
"https://techno-japan.media/en/festivals/fabulous.html URL をクリップボードにコピー 新しいタブで開く URL を検査","0","70","0%","10.0"
"https://techno-japan.media/en/festivals/global-ark.html URL をクリップボードにコピー 新しいタブで開く URL を検査","0","62","0%","6.4"
"https://techno-japan.media/venues/womb.html URL をクリップボードにコピー 新しいタブで開く URL を検査","0","61","0%","25.1"
"https://techno-japan.media/venues/circus-tokyo.html URL をクリップボードにコピー 新しいタブで開く URL を検査","0","47","0%","10.4"
"https://techno-japan.media/artists/ken-ishii.html URL をクリップボードにコピー 新しいタブで開く URL を検査","0","44","0%","47.6"
"https://techno-japan.media/venues/club-metro.html URL をクリップボードにコピー 新しいタブで開く URL を検査","0","33","0%","13.1"
"https://techno-japan.media/festivals/ringo-festival.html URL をクリップボードにコピー 新しいタブで開く URL を検査","0","30","0%","17.6"
"https://techno-japan.media/artists/wata-igarashi.html URL をクリップボードにコピー 新しいタブで開く URL を検査","0","28","0%","32.6"
"https://techno-japan.media/festivals/global-ark.html URL をクリップボードにコピー 新しいタブで開く URL を検査","0","24","0%","7.5"
"https://techno-japan.media/en/venues/vent.html URL をクリップボードにコピー 新しいタブで開く URL を検査","0","24","0%","10.8"
"https://techno-japan.media/en/submit.html URL をクリップボードにコピー 新しいタブで開く URL を検査","0","21","0%","5.8"
"https://techno-japan.media/artists/ysk.html URL をクリップボードにコピー 新しいタブで開く URL を検査","0","20","0%","4.9"
"https://techno-japan.media/artists/ground.html URL をクリップボードにコピー 新しいタブで開く URL を検査","0","20","0%","8.8"
"https://techno-japan.media/en/venues/compufunk.html URL をクリップボードにコピー 新しいタブで開く URL を検査","0","18","0%","6.9"
"https://techno-japan.media/venues/o-east.html URL をクリップボードにコピー 新しいタブで開く URL を検査","0","17","0%","22.9"
"https://techno-japan.media/artists/acid-pauli.html URL をクリップボードにコピー 新しいタブで開く URL を検査","0","16","0%","5.8"
"https://techno-japan.media/artists/dj-miku.html URL をクリップボードにコピー 新しいタブで開く URL を検査","0","16","0%","9.6"
"https://techno-japan.media/en/festivals/loa-lost-paradise.html URL をクリップボードにコピー 新しいタブで開く URL を検査","0","15","0%","6.5"
"https://techno-japan.media/en/festivals/rainbow-disco-club.html URL をクリップボードにコピー 新しいタブで開く URL を検査","0","15","0%","6.9"
"https://techno-japan.media/venues/clubasia.html URL をクリップボードにコピー 新しいタブで開く URL を検査","0","15","0%","12.0"
"https://techno-japan.media/en/articles/snow-mashine-2027-info.html URL をクリップボードにコピー 新しいタブで開く URL を検査","0","14","0%","5.9"
"https://techno-japan.media/en/news.html URL をクリップボードにコピー 新しいタブで開く URL を検査","0","13","0%","31.8"
"https://techno-japan.media/venues/forestlimit.html URL をクリップボードにコピー 新しいタブで開く URL を検査","0","12","0%","7.4"
"https://techno-japan.media/en/venues/forestlimit.html URL をクリップボードにコピー 新しいタブで開く URL を検査","0","11","0%","6.2"
"https://techno-japan.media/artists/alabaster-deplume.html URL をクリップボードにコピー 新しいタブで開く URL を検査","0","11","0%","7.7"
"https://techno-japan.media/en/venues/club-joule.html URL をクリップボードにコピー 新しいタブで開く URL を検査","0","11","0%","7.8"
"https://techno-japan.media/artists/kikiorix.html URL をクリップボードにコピー 新しいタブで開く URL を検査","0","10","0%","7.6"
"https://techno-japan.media/en/venues/mitsuki.html URL をクリップボードにコピー 新しいタブで開く URL を検査","0","10","0%","8.2"
"https://techno-japan.media/artists/kotsu.html URL をクリップボードにコピー 新しいタブで開く URL を検査","0","10","0%","9.1"
"https://techno-japan.media/en/venues/club-metro.html URL をクリップボードにコピー 新しいタブで開く URL を検査","0","10","0%","13.6"
"https://techno-japan.media/en/venues/circus-osaka.html URL をクリップボードにコピー 新しいタブで開く URL を検査","0","9","0%","5.1"
"https://techno-japan.media/en/venues/unit.html URL をクリップボードにコピー 新しいタブで開く URL を検査","0","9","0%","6.0"
"https://techno-japan.media/en/venues/bonobo.html URL をクリップボードにコピー 新しいタブで開く URL を検査","0","8","0%","8.6"
"https://techno-japan.media/en/venues/o-east.html URL をクリップボードにコピー 新しいタブで開く URL を検査","0","8","0%","8.6"
"https://techno-japan.media/festivals/paramount.html URL をクリップボードにコピー 新しいタブで開く URL を検査","0","7","0%","6.9"
"https://techno-japan.media/en/festivals/ringo-festival.html URL をクリップボードにコピー 新しいタブで開く URL を検査","0","7","0%","8.6"
"https://techno-japan.media/en/venues/solfa.html URL をクリップボードにコピー 新しいタブで開く URL を検査","0","7","0%","8.7"
"https://techno-japan.media/index.html URL をクリップボードにコピー 新しいタブで開く URL を検査","0","7","0%","24.0"
"https://techno-japan.media/en/festivals/paramount.html URL をクリップボードにコピー 新しいタブで開く URL を検査","0","6","0%","4.5"
"https://techno-japan.media/en/festivals/yagura.html URL をクリップボードにコピー 新しいタブで開く URL を検査","0","6","0%","4.7"
"https://techno-japan.media/artists/dj-maria.html URL をクリップボードにコピー 新しいタブで開く URL を検査","0","6","0%","13.0"
"https://techno-japan.media/artists/juana-molina.html URL をクリップボードにコピー 新しいタブで開く URL を検査","0","6","0%","13.3"
"https://techno-japan.media/en/venues/womb.html URL をクリップボードにコピー 新しいタブで開く URL を検査","0","6","0%","23.3"
"https://techno-japan.media/en/festivals/circle.html URL をクリップボードにコピー 新しいタブで開く URL を検査","0","5","0%","4.0"
"https://techno-japan.media/en/venues/circus-tokyo.html URL をクリップボードにコピー 新しいタブで開く URL を検査","0","5","0%","4.4"
"https://techno-japan.media/festivals/link-open-air.html URL をクリップボードにコピー 新しいタブで開く URL を検査","0","5","0%","5.0"
"https://techno-japan.media/en/festivals/nu-festival.html URL をクリップボードにコピー 新しいタブで開く URL を検査","0","5","0%","6.6"
"https://techno-japan.media/en/venues/saloon.html URL をクリップボードにコピー 新しいタブで開く URL を検査","0","5","0%","6.6"
"https://techno-japan.media/artists/occa.html URL をクリップボードにコピー 新しいタブで開く URL を検査","0","5","0%","7.8"
"https://techno-japan.media/artists/the-master-musicians-of-joujouka.html URL をクリップボードにコピー 新しいタブで開く URL を検査","0","5","0%","9.2"
"https://techno-japan.media/en/articles/post-20251120.html URL をクリップボードにコピー 新しいタブで開く URL を検査","0","5","0%","18.4"
"https://techno-japan.media/en/festivals/sangenjaya-music-festival.html URL をクリップボードにコピー 新しいタブで開く URL を検査","0","4","0%","4.2"
"https://techno-japan.media/festivals/waifu.html URL をクリップボードにコピー 新しいタブで開く URL を検査","0","4","0%","4.2"
"https://techno-japan.media/en/festivals/samsara.html URL をクリップボードにコピー 新しいタブで開く URL を検査","0","4","0%","4.5"
"https://techno-japan.media/en/festivals/arch.html URL をクリップボードにコピー 新しいタブで開く URL を検査","0","4","0%","7.0"
"https://techno-japan.media/festivals/lost-find.html URL をクリップボードにコピー 新しいタブで開く URL を検査","0","4","0%","7.8"
"https://techno-japan.media/en/festivals/ultra-japan.html URL をクリップボードにコピー 新しいタブで開く URL を検査","0","4","0%","8.5"
"https://techno-japan.media/en/venues/the-room.html URL をクリップボードにコピー 新しいタブで開く URL を検査","0","4","0%","8.8"
"https://techno-japan.media/en/festivals/balance.html URL をクリップボードにコピー 新しいタブで開く URL を検査","0","3","0%","2.3"
"https://techno-japan.media/en/festivals/mirrorball-village.html URL をクリップボードにコピー 新しいタブで開く URL を検査","0","3","0%","2.7"
"https://techno-japan.media/artists/so.html URL をクリップボードにコピー 新しいタブで開く URL を検査","0","3","0%","3.7"
"https://techno-japan.media/en/festivals/snow-machine-japan.html URL をクリップボードにコピー 新しいタブで開く URL を検査","0","3","0%","4.0"
"https://techno-japan.media/en/venues/sunhall.html URL をクリップボードにコピー 新しいタブで開く URL を検査","0","3","0%","5.0"
"https://techno-japan.media/festivals/halola-camp.html URL をクリップボードにコピー 新しいタブで開く URL を検査","0","3","0%","5.0"
"https://techno-japan.media/en/festivals/spring-love-harukaze.html URL をクリップボードにコピー 新しいタブで開く URL を検査","0","3","0%","7.3"
"https://techno-japan.media/en/venues/clubasia.html URL をクリップボードにコピー 新しいタブで開く URL を検査","0","3","0%","8.0"
"https://techno-japan.media/artists/tsutomu.html URL をクリップボードにコピー 新しいタブで開く URL を検査","0","3","0%","8.3"
"https://techno-japan.media/artists/okadada.html URL をクリップボードにコピー 新しいタブで開く URL を検査","0","3","0%","9.3"
"https://techno-japan.media/festivals/etsuetsu.html URL をクリップボードにコピー 新しいタブで開く URL を検査","0","2","0%","2.5"
"https://techno-japan.media/en/festivals/mori-michi-ichiba.html URL をクリップボードにコピー 新しいタブで開く URL を検査","0","2","0%","3.0"
"https://techno-japan.media/en/artists/kohei.html URL をクリップボードにコピー 新しいタブで開く URL を検査","0","2","0%","3.5"
"https://techno-japan.media/en/festivals/99flags.html URL をクリップボードにコピー 新しいタブで開く URL を検査","0","2","0%","3.5"
"https://techno-japan.media/en/festivals/ffkt.html URL をクリップボードにコピー 新しいタブで開く URL を検査","0","2","0%","4.5"
"https://techno-japan.media/en/artists/daphni.html URL をクリップボードにコピー 新しいタブで開く URL を検査","0","2","0%","5.0"
"https://techno-japan.media/en/festivals/synapse-festival.html URL をクリップボードにコピー 新しいタブで開く URL を検査","0","2","0%","5.5"
"https://techno-japan.media/en/festivals/letus-music-camp.html URL をクリップボードにコピー 新しいタブで開く URL を検査","0","2","0%","6.0"
"https://techno-japan.media/festivals/body-soul.html URL をクリップボードにコピー 新しいタブで開く URL を検査","0","2","0%","6.0"
"https://techno-japan.media/artists/feline.html URL をクリップボードにコピー 新しいタブで開く URL を検査","0","2","0%","7.0"
"https://techno-japan.media/artists/sylvan-esso.html URL をクリップボードにコピー 新しいタブで開く URL を検査","0","2","0%","7.5"
"https://techno-japan.media/en/artists/tko.html URL をクリップボードにコピー 新しいタブで開く URL を検査","0","2","0%","7.5"
"https://techno-japan.media/en/festivals/japonism.html URL をクリップボードにコピー 新しいタブで開く URL を検査","0","2","0%","7.5"
"https://techno-japan.media/artists/daphni.html URL をクリップボードにコピー 新しいタブで開く URL を検査","0","2","0%","8.0"
"https://techno-japan.media/en/festivals/music.html URL をクリップボードにコピー 新しいタブで開く URL を検査","0","2","0%","8.5"
"https://techno-japan.media/en/festivals/wonderfruit-kyoto.html URL をクリップボードにコピー 新しいタブで開く URL を検査","0","2","0%","9.0"
"https://techno-japan.media/festivals/spring-love-harukaze.html URL をクリップボードにコピー 新しいタブで開く URL を検査","0","2","0%","9.0"
"https://techno-japan.media/en/artists/akiram-en.html URL をクリップボードにコピー 新しいタブで開く URL を検査","0","2","0%","9.5"
"https://techno-japan.media/en/artists/akey.html URL をクリップボードにコピー 新しいタブで開く URL を検査","0","2","0%","10.0"
"https://techno-japan.media/en/artists/dj-miku.html URL をクリップボードにコピー 新しいタブで開く URL を検査","0","2","0%","10.0"
"https://techno-japan.media/en/venues/oath.html URL をクリップボードにコピー 新しいタブで開く URL を検査","0","2","0%","10.0"
"https://techno-japan.media/en/festivals/waifu.html URL をクリップボードにコピー 新しいタブで開く URL を検査","0","2","0%","11.0"
"https://techno-japan.media/artists/akiram-en.html URL をクリップボードにコピー 新しいタブで開く URL を検査","0","2","0%","14.5"
"https://techno-japan.media/en/artists/tonbo.html URL をクリップボードにコピー 新しいタブで開く URL を検査","0","2","0%","63.0"
"https://techno-japan.media/festivals/snow-machine-japan.html URL をクリップボードにコピー 新しいタブで開く URL を検査","0","2","0%","86.5"
"https://techno-japan.media/artists/suze-ijo.html URL をクリップボードにコピー 新しいタブで開く URL を検査","0","1","0%","1.0"
"https://techno-japan.media/en/festivals/treks.html URL をクリップボードにコピー 新しいタブで開く URL を検査","0","1","0%","2.0"
"https://techno-japan.media/en/festivals/ala.html URL をクリップボードにコピー 新しいタブで開く URL を検査","0","1","0%","3.0"
"https://techno-japan.media/en/festivals/bonna-pot.html URL をクリップボードにコピー 新しいタブで開く URL を検査","0","1","0%","3.0"
"https://techno-japan.media/en/festivals/capsule.html URL をクリップボードにコピー 新しいタブで開く URL を検査","0","1","0%","3.0"
"https://techno-japan.media/en/artists/suguru-mochizuki.html URL をクリップボードにコピー 新しいタブで開く URL を検査","0","1","0%","4.0"
"https://techno-japan.media/en/festivals/kyoumei-gathering.html URL をクリップボードにコピー 新しいタブで開く URL を検査","0","1","0%","4.0"
"https://techno-japan.media/en/artists/hunee.html URL をクリップボードにコピー 新しいタブで開く URL を検査","0","1","0%","5.0"
"https://techno-japan.media/en/festivals/delta-commit.html URL をクリップボードにコピー 新しいタブで開く URL を検査","0","1","0%","5.0"
"https://techno-japan.media/en/festivals/matricaria.html URL をクリップボードにコピー 新しいタブで開く URL を検査","0","1","0%","5.0"
"https://techno-japan.media/festivals/bondisco.html URL をクリップボードにコピー 新しいタブで開く URL を検査","0","1","0%","5.0"
"https://techno-japan.media/festivals/sub-tide.html URL をクリップボードにコピー 新しいタブで開く URL を検査","0","1","0%","5.0"
"https://techno-japan.media/en/artists/gonno.html URL をクリップボードにコピー 新しいタブで開く URL を検査","0","1","0%","6.0"
"https://techno-japan.media/en/festivals/sawagi-festival.html URL をクリップボードにコピー 新しいタブで開く URL を検査","0","1","0%","6.0"
"https://techno-japan.media/venues/sunhall.html URL をクリップボードにコピー 新しいタブで開く URL を検査","0","1","0%","6.0"
"https://techno-japan.media/en/artists/akihiro-suzuki.html URL をクリップボードにコピー 新しいタブで開く URL を検査","0","1","0%","7.0"
"https://techno-japan.media/en/artists/hidai.html URL をクリップボードにコピー 新しいタブで開く URL を検査","0","1","0%","7.0"
"https://techno-japan.media/festivals/technogaoka.html URL をクリップボードにコピー 新しいタブで開く URL を検査","0","1","0%","7.0"
"https://techno-japan.media/festivals/transcendence.html URL をクリップボードにコピー 新しいタブで開く URL を検査","0","1","0%","7.0"
"https://techno-japan.media/articles/transcendence-2025-report.html URL をクリップボードにコピー 新しいタブで開く URL を検査","0","1","0%","8.0"
"https://techno-japan.media/artists/endorphin.html URL をクリップボードにコピー 新しいタブで開く URL を検査","0","1","0%","8.0"
"https://techno-japan.media/artists/suguru-mochizuki.html URL をクリップボードにコピー 新しいタブで開く URL を検査","0","1","0%","8.0"
"https://techno-japan.media/en/artists/allen-mock.html URL をクリップボードにコピー 新しいタブで開く URL を検査","0","1","0%","8.0"
"https://techno-japan.media/en/festivals/circus.html URL をクリップボードにコピー 新しいタブで開く URL を検査","0","1","0%","8.0"
"https://techno-japan.media/en/festivals/iyasaka-rave-festival.html URL をクリップボードにコピー 新しいタブで開く URL を検査","0","1","0%","8.0"
"https://techno-japan.media/en/venues/www.html URL をクリップボードにコピー 新しいタブで開く URL を検査","0","1","0%","8.0"
"https://techno-japan.media/artists/lady-shaka.html URL をクリップボードにコピー 新しいタブで開く URL を検査","0","1","0%","9.0"
"https://techno-japan.media/en/artists/doltz.html URL をクリップボードにコピー 新しいタブで開く URL を検査","0","1","0%","9.0"
"https://techno-japan.media/en/artists/mimu.html URL をクリップボードにコピー 新しいタブで開く URL を検査","0","1","0%","9.0"
"https://techno-japan.media/en/festivals/euphoria.html URL をクリップボードにコピー 新しいタブで開く URL を検査","0","1","0%","9.0"
"https://techno-japan.media/en/festivals/festival-fruezinho.html URL をクリップボードにコピー 新しいタブで開く URL を検査","0","1","0%","9.0"
"https://techno-japan.media/en/venues/noon.html URL をクリップボードにコピー 新しいタブで開く URL を検査","0","1","0%","9.0"
"https://techno-japan.media/en/artists/akie.html URL をクリップボードにコピー 新しいタブで開く URL を検査","0","1","0%","10.0"
"https://techno-japan.media/en/artists/kiko-dinucci.html URL をクリップボードにコピー 新しいタブで開く URL を検査","0","1","0%","10.0"
"https://techno-japan.media/en/festivals/etsuetsu.html URL をクリップボードにコピー 新しいタブで開く URL を検査","0","1","0%","10.0"
"https://techno-japan.media/en/festivals/sonic-mania.html URL をクリップボードにコピー 新しいタブで開く URL を検査","0","1","0%","10.0"
"https://techno-japan.media/festivals/99flags.html URL をクリップボードにコピー 新しいタブで開く URL を検査","0","1","0%","10.0"
"https://techno-japan.media/festivals/dream-festival.html URL をクリップボードにコピー 新しいタブで開く URL を検査","0","1","0%","10.0"
"https://techno-japan.media/festivals/intergalactic.html URL をクリップボードにコピー 新しいタブで開く URL を検査","0","1","0%","10.0"
"https://techno-japan.media/artists/masa-aka-kyounote.html URL をクリップボードにコピー 新しいタブで開く URL を検査","0","1","0%","11.0"
"https://techno-japan.media/en/festivals/body-soul.html URL をクリップボードにコピー 新しいタブで開く URL を検査","0","1","0%","12.0"
"https://techno-japan.media/en/artists/dj-yazi.html URL をクリップボードにコピー 新しいタブで開く URL を検査","0","1","0%","17.0"
"https://techno-japan.media/artists/tada.html URL をクリップボードにコピー 新しいタブで開く URL を検査","0","1","0%","65.0"
"https://techno-japan.media/en/artists/wata-igarashi.html URL をクリップボードにコピー 新しいタブで開く URL を検査","0","1","0%","77.0"