上位のクエリ,クリック数,表示回数,CTR,掲載順位
"techno japan","18","168","10.7%","8.5"
"forest sound camp","12","50","24%","1.9"
"八剣山 フェス","9","53","17%","1.9"
"powder dj","7","88","8%","9.6"
"big fun","6","112","5.4%","6.6"
"テクノ フェス","6","39","15.4%","6.0"
"bigfun 札幌","5","190","2.6%","6.2"
"re:birth festival","5","77","6.5%","8.3"
"レイヴパーティー 日本 2026","4","36","11.1%","7.4"
"テクノ フェス 日本 2026","4","14","28.6%","7.0"
"ビッグファン 札幌","3","186","1.6%","8.8"
"rebirth festival 2026","3","179","1.7%","8.2"
"ビックファン 札幌","3","106","2.8%","9.1"
"rebirth festival","3","90","3.3%","7.9"
"one park festival","3","47","6.4%","4.0"
"テクノ イベント 野外","3","27","11.1%","3.4"
"テクノ イベント 野外 2026","3","18","16.7%","2.3"
"rebirth 2026","2","167","1.2%","9.1"
"re:birth 2026","2","132","1.5%","8.5"
"リバース レイブ","2","111","1.8%","9.3"
"yamauto","2","98","2%","6.9"
"soundcamp","2","56","3.6%","5.8"
"dj kensei","2","47","4.3%","13.7"
"bondisco","2","28","7.1%","5.7"
"ビックファン 八剣山","2","27","7.4%","5.1"
"taichi kawahira","2","11","18.2%","6.5"
"big fun festival","2","5","40%","1.6"
"the room 渋谷","1","333","0.3%","10.5"
"big fun 札幌 2026","1","277","0.4%","7.4"
"リバースフェスティバル","1","198","0.5%","8.3"
"リバース フェス","1","136","0.7%","8.5"
"re birth 2026","1","77","1.3%","8.6"
"re:birth festival 2026","1","75","1.3%","7.9"
"リバースフェス","1","63","1.6%","8.4"
"otsukimi 2026","1","61","1.6%","4.6"
"big fun 札幌","1","60","1.7%","7.5"
"rebirth フェス","1","54","1.9%","6.1"
"bigfun 2026","1","46","2.2%","3.7"
"御月民 2026","1","38","2.6%","5.7"
"ビッグファン 札幌 2026","1","36","2.8%","5.6"
"saloon クラブ","1","31","3.2%","8.7"
"mitsuki-tokyo","1","29","3.4%","8.9"
"リバース2026","1","22","4.5%","10.0"
"synapse festival 2026","1","20","5%","10.2"
"hidai","1","19","5.3%","3.4"
"bigfun 札幌 2026","1","17","5.9%","4.3"
"ben ufo","1","17","5.9%","16.3"
"the room tokyo","1","16","6.2%","10.9"
"dj powder","1","14","7.1%","12.6"
"nalu beach","1","13","7.7%","5.5"
"ビッグ ファン 札幌 2026","1","11","9.1%","5.5"
"ooba camp village","1","11","9.1%","6.8"
"gonno","1","11","9.1%","16.3"
"synapse festival","1","10","10%","8.5"
"bon disco","1","9","11.1%","7.9"
"ffkt","1","9","11.1%","17.1"
"リバース こだまの森","1","8","12.5%","10.2"
"global ark 2026","1","8","12.5%","11.8"
"gonno dj","1","7","14.3%","9.6"
"dj yogurt","1","7","14.3%","24.0"
"japanese techno","1","7","14.3%","33.7"
"onepark festival","1","4","25%","3.2"
"スノーマシン 2027","1","4","25%","4.0"
"shi fu miz","1","3","33.3%","3.7"
"テクノフェス 2026","1","3","33.3%","5.3"
"神宮前bonobo","1","3","33.3%","13.7"
"レイヴ 日本","1","2","50%","6.0"
"compufunk records","1","2","50%","24.5"
"チケットはどこで買えますか？","1","1","100%","1.0"
"open air electronic music festival","1","1","100%","3.0"
"リバース","1","1","100%","3.0"
"知りたい","1","1","100%","4.0"
"fruezinho 2026","1","1","100%","22.0"
"mitsuki tokyo","0","242","0%","9.5"
"mitsuki クラブ","0","102","0%","8.5"
"club joule","0","96","0%","10.7"
"サウンドキャンプ","0","92","0%","8.1"
"japanese techno artists","0","82","0%","8.5"
"vent tokyo","0","81","0%","12.5"
"mitsuki club","0","66","0%","8.6"
"rebirth fes","0","63","0%","6.8"
"御月民","0","53","0%","6.7"
"bigfun 2026 札幌","0","47","0%","6.1"
"mitsuki shibuya","0","45","0%","9.3"
"ken ishii","0","43","0%","48.9"
"the room shibuya","0","40","0%","8.8"
"mitsuki club tokyo","0","39","0%","9.1"
"dj nobu","0","35","0%","29.1"
"labyrinth festival japan 2026","0","33","0%","6.1"
"oath 渋谷","0","33","0%","8.5"
"sound camp","0","32","0%","7.1"
"リバース レイヴ","0","32","0%","9.0"
"rebirth festival japan","0","31","0%","7.9"
"サウンドキャンプ 2026","0","31","0%","8.4"
"labyrinth festival japan","0","31","0%","9.8"
"テクノフェス","0","29","0%","4.6"
"globalark","0","29","0%","8.0"
"ジュール クラブ","0","29","0%","9.4"
"spotify o east capacity","0","28","0%","9.6"
"rebirth japan","0","28","0%","12.5"
"japan techno festival","0","27","0%","19.4"
"otsukimi open air 2026","0","26","0%","8.5"
"otsukimi festival","0","25","0%","5.5"
"re:birth フェス","0","25","0%","7.4"
"wata igarashi","0","25","0%","44.1"
"dj bar oath","0","24","0%","9.2"
"テクノ イベント","0","24","0%","9.8"
"moment festival japan","0","23","0%","10.2"
"ビッグ ファン 札幌","0","22","0%","7.9"
"ビックファン 札幌 2026","0","20","0%","5.8"
"global ark","0","19","0%","6.3"
"リバース フェス 2026","0","19","0%","8.2"
"saloon tokyo","0","19","0%","9.3"
"big fun sapporo","0","18","0%","8.6"
"circus tokyo sound system lighting dj booth stage bar","0","18","0%","9.3"
"リバース 2026","0","18","0%","9.7"
"otsukimi","0","18","0%","42.6"
"yamauto festival","0","17","0%","6.1"
"渋谷 oath","0","17","0%","10.2"
"spotify o-east capacity","0","16","0%","9.4"
"みつき クラブ","0","16","0%","10.1"
"womb tokyo","0","16","0%","42.9"
"big fun 2026","0","15","0%","4.5"
"ebisu liquidroom","0","15","0%","7.4"
"mitsuki tokyo club","0","15","0%","7.7"
"ボンディスコ","0","15","0%","7.8"
"oath tokyo","0","15","0%","9.1"
"club joule osaka","0","15","0%","10.5"
"bonobo tokyo","0","15","0%","12.8"
"circus osaka","0","15","0%","15.3"
"intergalactic festival","0","14","0%","9.5"
"the room shibuya capacity equipment","0","13","0%","6.0"
"japanese techno djs","0","13","0%","10.5"
"techno festival japan","0","13","0%","13.2"
"starfestival","0","13","0%","44.7"
"渋谷 room クラブ","0","12","0%","8.7"
"womb 渋谷","0","12","0%","33.7"
"star festival 2026","0","12","0%","36.4"
"best signal shows 2025","0","12","0%","250.2"
"acid pauli","0","11","0%","4.6"
"みつき tokyo","0","11","0%","8.0"
"dj gonno","0","11","0%","10.0"
"synapse 福岡","0","11","0%","10.2"
"o east","0","11","0%","12.9"
"daikanyama unit","0","11","0%","23.7"
"womb nightclub","0","11","0%","56.8"
"八剣山 ビッグファン","0","10","0%","4.4"
"grow the culture","0","10","0%","7.3"
"ザルーム 渋谷","0","10","0%","9.4"
"liquidroom","0","10","0%","13.5"
"djノブ","0","10","0%","13.6"
"りんご音楽祭","0","10","0%","19.7"
"テクノフェスタ","0","9","0%","3.2"
"one park festival 2026","0","9","0%","3.7"
"渋谷 circus","0","9","0%","9.6"
"ミツキ クラブ","0","9","0%","9.9"
"solfa tokyo","0","9","0%","10.2"
"clubジュール","0","9","0%","11.6"
"japan techno","0","9","0%","17.0"
"bonobo japan","0","9","0%","20.6"
"solfa","0","9","0%","41.8"
"otsukimi festival 2026","0","8","0%","3.5"
"sawagi festival","0","8","0%","8.2"
"tecno japan","0","8","0%","8.2"
"サルーン クラブ","0","8","0%","8.9"
"labyrinth japan 2026","0","8","0%","9.2"
"labyrinth japan festival","0","8","0%","9.4"
"みつき 東京","0","8","0%","9.8"
"bonobo 東京","0","8","0%","10.6"
"kyoto metro club","0","8","0%","14.9"
"paquita gordon","0","8","0%","23.4"
"テクノ フェス 日本","0","7","0%","4.4"
"re birth festival 2026","0","7","0%","6.4"
"sound camp 2026","0","7","0%","7.0"
"kikiorix","0","7","0%","8.3"
"ffkt festival","0","7","0%","9.0"
"o-east","0","7","0%","10.4"
"circus osaka レビュー","0","7","0%","11.0"
"dj miku","0","7","0%","11.9"
"joule osaka","0","7","0%","13.0"
"mitsuki japan","0","7","0%","17.7"
"ｃｌｕｂ ｊｏｕｌｅ","0","7","0%","21.3"
"dj ken ishii","0","7","0%","47.0"
"techno in japanese","0","7","0%","55.0"
"forestlimit tokyo","0","6","0%","6.2"
"nu tokyo","0","6","0%","6.8"
"re birth festival","0","6","0%","9.0"
"クラブ womb","0","6","0%","9.2"
"kotsu","0","6","0%","10.5"
"テクノイベント","0","6","0%","10.5"
"yeark","0","6","0%","11.5"
"japanese techno artist","0","6","0%","11.8"
"渋谷circus","0","6","0%","12.0"
"solfa nakameguro","0","6","0%","12.2"
"ｂｉｇ ｆｕｎ","0","6","0%","13.3"
"moodman","0","6","0%","13.8"
"club metro kyoto","0","6","0%","15.2"
"joule 大阪","0","6","0%","17.5"
"saloon-tokyo レビュー","0","5","0%","3.0"
"labrynth festival japan","0","5","0%","8.0"
"festival de frue 2026","0","5","0%","8.4"
"liquidroom ebisu","0","5","0%","8.8"
"the labyrinth festival japan","0","5","0%","8.8"
"unit tokyo","0","5","0%","8.8"
"circus 渋谷","0","5","0%","9.0"
"clubjoule","0","5","0%","9.0"
"saloon club","0","5","0%","9.0"
"saloon-tokyo","0","5","0%","10.0"
"club ジュール","0","5","0%","11.0"
"vent club tokyo","0","5","0%","11.6"
"翠 月 mitsuki","0","5","0%","38.2"
"長野 音楽フェス","0","5","0%","39.0"
"club womb","0","5","0%","39.2"
"odyssey miyazaki","0","4","0%","3.0"
"techno ark","0","4","0%","4.5"
"moment festival japan 2026","0","4","0%","6.2"
"ringo festival","0","4","0%","6.2"
"月民","0","4","0%","6.2"
"渋谷circus tokyo","0","4","0%","6.8"
"vent 渋谷","0","4","0%","7.0"
"circus osaka club","0","4","0%","7.2"
"loa - lost paradise","0","4","0%","7.5"
"triangle osaka","0","4","0%","7.5"
"festival de frue","0","4","0%","7.8"
"oath shibuya","0","4","0%","8.5"
"techno artist","0","4","0%","8.5"
"ysk dj","0","4","0%","9.0"
"クラブ みつき","0","4","0%","9.5"
"akiram en","0","4","0%","9.8"
"クラブ ジュール","0","4","0%","9.8"
"joule クラブ","0","4","0%","10.2"
"dj ground","0","4","0%","10.5"
"circus クラブ","0","4","0%","11.0"
"kyoto techno club","0","4","0%","11.5"
"djケンセイ","0","4","0%","12.0"
"yamarchy","0","4","0%","16.8"
"ジュールクラブ","0","4","0%","16.8"
"rave japan","0","4","0%","19.5"
"ボノボ クラブ","0","4","0%","25.8"
"japanese djs","0","4","0%","34.8"
"tokyo womb","0","4","0%","48.5"
"tsutomu","0","4","0%","54.8"
"womb nightclub tokyo","0","4","0%","60.5"
"technocosmos","0","4","0%","69.2"
"盆ディスコ","0","3","0%","2.3"
"circus tokyo capacity","0","3","0%","3.3"
"ビッグファン 八剣山","0","3","0%","6.0"
"vent shibuya","0","3","0%","7.0"
"bon disco 2026","0","3","0%","8.0"
"渋谷oath","0","3","0%","8.3"
"alabaster deplume","0","3","0%","8.7"
"circus osaka 写真","0","3","0%","8.7"
"club noon","0","3","0%","8.7"
"liquidroom japan","0","3","0%","8.7"
"the room japan","0","3","0%","8.7"
"club joule official website","0","3","0%","9.0"
"liquidroom tokyo","0","3","0%","9.0"
"akii dj","0","3","0%","9.7"
"joule","0","3","0%","9.7"
"joule club osaka","0","3","0%","9.7"
"labyrinth japan","0","3","0%","9.7"
"qmico","0","3","0%","10.3"
"the room 東京","0","3","0%","10.7"
"mr disco kid","0","3","0%","11.0"
"大阪 circus","0","3","0%","11.0"
"bonobo 渋谷","0","3","0%","12.0"
"ground dj","0","3","0%","12.0"
"techno club kyoto","0","3","0%","12.0"
"metro club kyoto","0","3","0%","15.0"
"forest limit tokyo","0","3","0%","16.7"
"osaka techno club","0","3","0%","16.7"
"e-groove","0","3","0%","18.0"
"フェス テクノ","0","3","0%","19.0"
"渋谷 ザルーム","0","3","0%","19.3"
"yamarchy dj","0","3","0%","22.0"
"jp techno","0","3","0%","23.0"
"dj masda","0","3","0%","25.3"
"japan techno club","0","3","0%","25.3"
"大阪 テクノ クラブ","0","3","0%","25.7"
"unit daikanyama","0","3","0%","26.0"
"fuji techno","0","3","0%","27.0"
"technojapan","0","3","0%","27.7"
"djnobu","0","3","0%","29.0"
"bonobo","0","3","0%","29.3"
"bar bonobo tokyo","0","3","0%","31.0"
"長野 フェス","0","3","0%","31.3"
"bar bonobo","0","3","0%","33.3"
"mutek japan","0","3","0%","34.0"
"shibuya womb","0","3","0%","34.7"
"テクノ アーティスト 日本","0","3","0%","50.0"
"日本","0","2","0%","2.0"
"techno festival","0","2","0%","3.0"
"テクノ","0","2","0%","3.5"
"トライアングル 大阪 キャパ","0","2","0%","3.5"
"サーカスフェスティバル","0","2","0%","4.0"
"festival techno","0","2","0%","5.0"
"oba camp village","0","2","0%","5.0"
"ringo music festival","0","2","0%","5.0"
"choko dj","0","2","0%","5.5"
"soundcamp 2026","0","2","0%","5.5"
"lost&find","0","2","0%","6.0"
"samsara festival","0","2","0%","6.0"
"circus tokyo shibuya","0","2","0%","7.0"
"grobal ark","0","2","0%","7.0"
"samsara japan","0","2","0%","7.0"
"compufunk","0","2","0%","7.5"
"techno rave","0","2","0%","7.5"
"circus shibuya","0","2","0%","8.0"
"frue festival 2026","0","2","0%","8.0"
"o-east tokyo","0","2","0%","8.0"
"shibuya room","0","2","0%","8.0"
"snow machine 2027","0","2","0%","8.0"
"bonobo 日本","0","2","0%","9.0"
"letus music camp","0","2","0%","9.0"
"vent aoyama","0","2","0%","9.0"
"渋谷 room","0","2","0%","9.0"
"circus festival odaiba","0","2","0%","9.5"
"wonderfruit kyoto","0","2","0%","9.5"
"circus at odaiba 2026","0","2","0%","10.0"
"club bonobo","0","2","0%","10.0"
"ベント クラブ","0","2","0%","10.0"
"liquidroom capacity","0","2","0%","10.5"
"mr. disco kid","0","2","0%","10.5"
"nasthug","0","2","0%","10.5"
"rebirth rave","0","2","0%","10.5"
"tokyo liquidroom","0","2","0%","10.5"
"シナプスフェス","0","2","0%","10.5"
"リバース 長野","0","2","0%","10.5"
"liquid room japan","0","2","0%","11.0"
"rave music festivals","0","2","0%","11.0"
"サーカス 大阪 クラブ","0","2","0%","11.0"
"martin gretschmann","0","2","0%","11.5"
"circus at odaiba","0","2","0%","12.5"
"norid","0","2","0%","12.5"
"神宮前 bonobo","0","2","0%","13.0"
"circus tokyo","0","2","0%","13.5"
"joule club","0","2","0%","14.5"
"ラビリンス 群馬","0","2","0%","15.5"
"大阪 club joule","0","2","0%","16.0"
"大阪 クラブ テクノ","0","2","0%","16.0"
"global ark 2021","0","2","0%","16.5"
"metro club","0","2","0%","17.5"
"dj yazi","0","2","0%","18.0"
"vent omotesando","0","2","0%","19.5"
"東京 unit","0","2","0%","21.0"
"circus odaiba","0","2","0%","21.5"
"techno club osaka","0","2","0%","21.5"
"yagura stage","0","2","0%","21.5"
"oeast","0","2","0%","22.0"
"hunee dj","0","2","0%","24.0"
"djヨーグルト","0","2","0%","24.5"
"りんご 音楽 祭","0","2","0%","25.5"
"dj maria","0","2","0%","27.0"
"liquidroom shibuya","0","2","0%","27.5"
"womb shibuya","0","2","0%","30.5"
"dj mazda","0","2","0%","31.0"
"jonathan kusuma","0","2","0%","31.5"
"circus tokyo キャパ","0","2","0%","33.0"
"spotify o-east","0","2","0%","37.5"
"www tokyo venue","0","2","0%","40.0"
"渋谷 circus tokyo","0","2","0%","40.0"
"渋谷 east","0","2","0%","44.0"
"techno near me","0","2","0%","46.0"
"tokyo womb nightclub","0","2","0%","48.5"
"womb tokyo club","0","2","0%","49.5"
"代官山 クラブ","0","2","0%","52.0"
"unit 代官山","0","2","0%","52.5"
"代官山 unit","0","2","0%","54.5"
"edm festivals in japan","0","2","0%","55.0"
"spotify o-east キャパ","0","2","0%","55.5"
"japan edm events","0","2","0%","58.5"
"o east 渋谷","0","2","0%","58.5"
"代官山 saloon","0","2","0%","63.0"
"star festival","0","2","0%","71.5"
"イースト キャパ","0","2","0%","77.0"
"conciertos de techno","0","1","0%","1.0"
"kettama 来日","0","1","0%","1.0"
"of5","0","1","0%","1.0"
"raves in japan","0","1","0%","1.0"
"samsara festival 2026","0","1","0%","1.0"
"どんなかんじ？","0","1","0%","1.0"
"どんな音楽？","0","1","0%","1.0"
"テクノクラブ","0","1","0%","1.0"
"テクノサービス","0","1","0%","1.0"
"他にない？","0","1","0%","1.0"
"日本 レイブ","0","1","0%","1.0"
"where is it held","0","1","0%","2.0"
"а ещё","0","1","0%","2.0"
"サーカス 東京","0","1","0%","2.0"
"ジャンルは何","0","1","0%","2.0"
"フェス","0","1","0%","2.0"
"野外レイブ","0","1","0%","2.0"
"9/26","0","1","0%","3.0"
"daikanyama unit capacity","0","1","0%","3.0"
"shi fu miz festival","0","1","0%","3.0"
"てくの","0","1","0%","3.0"
"今年やる？","0","1","0%","3.0"
"最近のアーティストは？","0","1","0%","3.0"
"concerts tonight detroit","0","1","0%","4.0"
"house music festivals","0","1","0%","4.0"
"japan rave festival","0","1","0%","4.0"
"おつきみ2026","0","1","0%","4.0"
"レイヴ","0","1","0%","4.0"
"新潟","0","1","0%","4.0"
"forest rave","0","1","0%","5.0"
"hacha mecha 2026","0","1","0%","5.0"
"samsara music festival","0","1","0%","5.0"
"sonicmania 2026","0","1","0%","5.0"
"techno","0","1","0%","5.0"
"yagura festival","0","1","0%","5.0"
"サウンドキャンプ 石狩","0","1","0%","5.0"
"今後のイベントは？","0","1","0%","5.0"
"dj so japan","0","1","0%","6.0"
"grow the culture open air","0","1","0%","6.0"
"one park festival 2025","0","1","0%","6.0"
"oneparkfestival 2026","0","1","0%","6.0"
"rick shinmi","0","1","0%","6.0"
"the room 写真","0","1","0%","6.0"
"when is otsukimi 2026","0","1","0%","6.0"
"アンダーグラウンド","0","1","0%","6.0"
"渋谷 ルーム","0","1","0%","6.0"
"birth fest","0","1","0%","7.0"
"dj choko","0","1","0%","7.0"
"japan electronic music festival","0","1","0%","7.0"
"japan techno dj","0","1","0%","7.0"
"noon+cafe キャパ","0","1","0%","7.0"
"shibuya o-east","0","1","0%","7.0"
"チケット情報","0","1","0%","7.0"
"渋谷 みつき","0","1","0%","7.0"
"ambient techno","0","1","0%","8.0"
"daphni dj","0","1","0%","8.0"
"noon cafe osaka","0","1","0%","8.0"
"o east tokyo","0","1","0%","8.0"
"powder dj japan","0","1","0%","8.0"
"re:birth","0","1","0%","8.0"
"tekno odyssey festival","0","1","0%","8.0"
"vent club","0","1","0%","8.0"
"オース 渋谷","0","1","0%","8.0"
"ラビリンス テクノ","0","1","0%","8.0"
"渋谷the room","0","1","0%","8.0"
"circus club tokyo","0","1","0%","9.0"
"circus フェス","0","1","0%","9.0"
"club circus osaka","0","1","0%","9.0"
"club jule","0","1","0%","9.0"
"festival fruezinho","0","1","0%","9.0"
"gon no","0","1","0%","9.0"
"gonnho","0","1","0%","9.0"
"hidai na","0","1","0%","9.0"
"liquid room tokyo","0","1","0%","9.0"
"mitsuki 渋谷","0","1","0%","9.0"
"nu japan","0","1","0%","9.0"
"oath bar","0","1","0%","9.0"
"snow machine 2027 japan","0","1","0%","9.0"
"so techno","0","1","0%","9.0"
"unit club","0","1","0%","9.0"
"wata dj","0","1","0%","9.0"
"クラブjoule","0","1","0%","9.0"
"テクノ フェス 2026","0","1","0%","9.0"
"大阪 サーカス クラブ","0","1","0%","9.0"
"渋谷 オース","0","1","0%","9.0"
"粉場","0","1","0%","9.0"
"bonobo shibuya","0","1","0%","10.0"
"circus東京","0","1","0%","10.0"
"frue festival japan","0","1","0%","10.0"
"kyoto club metro","0","1","0%","10.0"
"nasthug dj","0","1","0%","10.0"
"ouissam","0","1","0%","10.0"
"rebirth tokyo","0","1","0%","10.0"
"snow machine japan 2027","0","1","0%","10.0"
"so techno artist","0","1","0%","10.0"
"star festival kyoto","0","1","0%","10.0"
"summer sp","0","1","0%","10.0"
"vent tokyo club","0","1","0%","10.0"
"シナプスフェスティバル","0","1","0%","10.0"
"青山 vent","0","1","0%","10.0"
"bonobo club","0","1","0%","11.0"
"circus club japan","0","1","0%","11.0"
"circus festival tokyo","0","1","0%","11.0"
"club vent","0","1","0%","11.0"
"endless summer rave","0","1","0%","11.0"
"japan techno clubs","0","1","0%","11.0"
"labyrinth festival japan 2026 dates","0","1","0%","11.0"
"liquidroom tokyo capacity","0","1","0%","11.0"
"mitsuki-tokyo 写真","0","1","0%","11.0"
"oath","0","1","0%","11.0"
"osaka techno clubs","0","1","0%","11.0"
"shibuya spotify o-east","0","1","0%","11.0"
"spotify o-east capacity official","0","1","0%","11.0"
"ミニマルテクノ","0","1","0%","11.0"
"liquidroom ebisu capacity","0","1","0%","12.0"
"liquidroom 東京","0","1","0%","12.0"
"sunhall osaka","0","1","0%","12.0"
"underground techno party","0","1","0%","12.0"
"unit tokyo club","0","1","0%","12.0"
"vent tokyo レビュー","0","1","0%","12.0"
"vent クラブ","0","1","0%","12.0"
"渋谷 o east","0","1","0%","12.0"
"長野 リバース","0","1","0%","12.0"
"osaka circus","0","1","0%","13.0"
"techno clubs osaka","0","1","0%","13.0"
"お台場は？","0","1","0%","13.0"
"アシッドパウリ","0","1","0%","13.0"
"ユニット代官山","0","1","0%","13.0"
"sakuma japan","0","1","0%","15.0"
"東京 テクノ イベント","0","1","0%","15.0"
"ｃｌｕｂｃｉａｏ","0","1","0%","15.0"
"womb クラブ","0","1","0%","16.0"
"石井 謙二online","0","1","0%","16.0"
"club joule 大阪","0","1","0%","17.0"
"dj maria.","0","1","0%","17.0"
"dj nasthug","0","1","0%","17.0"
"occa dj","0","1","0%","17.0"
"クラブメトロ","0","1","0%","17.0"
"レイヴ会場","0","1","0%","17.0"
"akihiro suzuki","0","1","0%","18.0"
"djマリア","0","1","0%","18.0"
"techno osaka","0","1","0%","18.0"
"クラブ joule","0","1","0%","18.0"
"渋谷 the room","0","1","0%","18.0"
"nakameguro solfa","0","1","0%","20.0"
"nobu_no2","0","1","0%","20.0"
"teknival","0","1","0%","20.0"
"janus rose","0","1","0%","21.0"
"daniel bell techno","0","1","0%","22.0"
"dj giapponesi","0","1","0%","22.0"
"dj nobu 今里","0","1","0%","23.0"
"teknival japan","0","1","0%","23.0"
"bonobo 神宮前","0","1","0%","24.0"
"kensei","0","1","0%","24.0"
"techno condominium","0","1","0%","24.0"
"大阪 クラブ ジュール","0","1","0%","24.0"
"daniel bell dj","0","1","0%","25.0"
"miku dj","0","1","0%","25.0"
"unknown festival","0","1","0%","25.0"
"りんご祭","0","1","0%","25.0"
"리퀴드룸","0","1","0%","25.0"
"club the room","0","1","0%","26.0"
"labrynth japan","0","1","0%","26.0"
"womb tokio","0","1","0%","26.0"
"りんごフェス","0","1","0%","26.0"
"テクノ dj","0","1","0%","26.0"
"プレシャスホール 札幌","0","1","0%","26.0"
"juana","0","1","0%","27.0"
"masda dj","0","1","0%","27.0"
"rural festival japan","0","1","0%","27.0"
"中目黒 クラブ","0","1","0%","27.0"
"juana molina","0","1","0%","28.0"
"snow machine hakuba 2027","0","1","0%","28.0"
"womb 東京","0","1","0%","28.0"
"大阪クラブジュール","0","1","0%","28.0"
"bonna pot","0","1","0%","29.0"
"テクニバル","0","1","0%","30.0"
"渋谷 mitsuki","0","1","0%","30.0"
"長野フェス","0","1","0%","30.0"
"kyoto metro","0","1","0%","31.0"
"シェアハウス 渋谷 音楽好き","0","1","0%","31.0"
"hunee","0","1","0%","32.0"
"rural japan festival","0","1","0%","32.0"
"shibuya techno club","0","1","0%","32.0"
"プレシャスホール","0","1","0%","32.0"
"room tokyo","0","1","0%","33.0"
"りんご音楽","0","1","0%","33.0"
"spotify o－east","0","1","0%","34.0"
"techno takatsuki","0","1","0%","34.0"
"京都 メトロ クラブ","0","1","0%","34.0"
"solfa 中 目黒","0","1","0%","35.0"
"心斎橋 ジュール","0","1","0%","35.0"
"kyoto wonderfruit","0","1","0%","37.0"
"powder artist","0","1","0%","37.0"
"ザ ブロウバーエヌ 渋谷区渋谷","0","1","0%","37.0"
"京都 クラブ メトロ","0","1","0%","37.0"
"japan edm festival","0","1","0%","38.0"
"代官山 サルーン","0","1","0%","38.0"
"dj nobu wikipedia","0","1","0%","39.0"
"djkensei","0","1","0%","39.0"
"summer.s_p","0","1","0%","39.0"
"womb bar tokyo","0","1","0%","39.0"
"womb club japan","0","1","0%","39.0"
"みつき 渋谷","0","1","0%","40.0"
"club metro","0","1","0%","41.0"
"dj from japan","0","1","0%","41.0"
"tokyo techno","0","1","0%","41.0"
"upsammy","0","1","0%","41.0"
"ジュール 大阪","0","1","0%","41.0"
"yamariki","0","1","0%","42.0"
"suzuki akihiro","0","1","0%","43.0"
"渋谷 womb","0","1","0%","43.0"
"eric cloutier","0","1","0%","44.0"
"dj nobu age","0","1","0%","45.0"
"liquid room","0","1","0%","45.0"
"club joule キャパ","0","1","0%","46.0"
"frue フェス","0","1","0%","48.0"
"gerd janson age","0","1","0%","48.0"
"forestlimit","0","1","0%","49.0"
"circus 大阪","0","1","0%","50.0"
"frue 2026 チケット","0","1","0%","50.0"
"渋谷on air east","0","1","0%","50.0"
"ｎｅｗｃｌｕｂｍａｒｉａ","0","1","0%","50.0"
"wataigarashi","0","1","0%","51.0"
"オーイースト","0","1","0%","51.0"
"womb club","0","1","0%","52.0"
"ken ishii dj","0","1","0%","53.0"
"oneparkfes","0","1","0%","53.0"
"dj wata","0","1","0%","54.0"
"ken iishi","0","1","0%","54.0"
"kenishii","0","1","0%","54.0"
"代官山クラブ","0","1","0%","54.0"
"o east ビル","0","1","0%","55.0"
"サーカス 東京 キャパ","0","1","0%","55.0"
"club womb tokyo","0","1","0%","57.0"
"dj nobu sho","0","1","0%","57.0"
"札幌 プレシャスホール","0","1","0%","57.0"
"spotify o-east 収容人数","0","1","0%","58.0"
"what genre is haai","0","1","0%","58.0"
"womb (nightclub)","0","1","0%","58.0"
"代官山unit","0","1","0%","59.0"
"ken ishii rym","0","1","0%","60.0"
"rave in japan","0","1","0%","60.0"
"the womb tokyo","0","1","0%","60.0"
"edm in japan","0","1","0%","61.0"
"ken ishi","0","1","0%","61.0"
"womb club tokyo","0","1","0%","61.0"
"渋谷 o-east キャパ","0","1","0%","61.0"
"festival de frue 2025","0","1","0%","62.0"
"japan edm festivals","0","1","0%","64.0"
"spotify o-west キャパ","0","1","0%","64.0"
"technoplanet","0","1","0%","64.0"
"womb night club","0","1","0%","65.0"
"tokyo edm festival","0","1","0%","66.0"
"vent 表参道","0","1","0%","76.0"
"ベント 表参道","0","1","0%","76.0"
"each story フェス","0","1","0%","78.0"