日,クリック数,表示回数,CTR,掲載順位
"2026/09/25","23","325","7.1%","7.2"
"2026/09/24","23","355","6.5%","7.4"
"2026/09/23","17","322","5.3%","7.3"
"2026/09/22","14","320","4.4%","8.5"
"2026/09/21","24","403","6%","7.3"
"2026/09/20","16","357","4.5%","7.6"
"2026/09/19","12","334","3.6%","8.6"
"2026/09/18","11","337","3.3%","8.0"
"2026/09/17","8","255","3.1%","7.9"
"2026/09/16","13","332","3.9%","8.1"
"2026/09/15","5","320","1.6%","8.8"
"2026/09/14","16","305","5.2%","8.7"
"2026/09/13","11","352","3.1%","7.6"
"2026/09/12","11","371","3%","7.5"
"2026/09/11","16","537","3%","8.0"
"2026/09/10","11","420","2.6%","8.0"
"2026/09/09","12","333","3.6%","8.0"
"2026/09/08","11","346","3.2%","8.2"
"2026/09/07","19","394","4.8%","7.9"
"2026/09/06","28","616","4.5%","7.5"
"2026/09/05","34","814","4.2%","7.1"
"2026/09/04","27","468","5.8%","7.6"
"2026/09/03","22","473","4.7%","7.8"
"2026/09/02","33","463","7.1%","7.2"
"2026/09/01","13","411","3.2%","7.3"
"2026/08/31","19","474","4%","9.1"
"2026/08/30","19","446","4.3%","12.1"
"2026/08/29","24","541","4.4%","11.2"