"日","クリック数","表示回数","CTR","掲載順位"
"2026/10/06","43","891","4.8%","7.0"
"2026/10/05","40","754","5.3%","7.0"
"2026/10/04","26","613","4.2%","8.2"
"2026/10/03","18","350","5.1%","7.9"
"2026/10/02","15","334","4.5%","7.4"
"2026/10/01","17","300","5.7%","7.5"
"2026/09/30","15","265","5.7%","7.0"
"2026/09/29","16","241","6.6%","6.9"
"2026/09/28","14","271","5.2%","6.7"
"2026/09/27","19","294","6.5%","6.9"
"2026/09/26","25","289","8.7%","7.3"
"2026/09/25","23","325","7.1%","7.2"
"2026/09/24","23","355","6.5%","7.4"
"2026/09/23","17","322","5.3%","7.3"
"2026/09/22","14","320","4.4%","8.5"
"2026/09/21","24","403","6%","7.3"
"2026/09/20","16","357","4.5%","7.6"
"2026/09/19","12","334","3.6%","8.6"
"2026/09/18","11","337","3.3%","8.0"
"2026/09/17","8","255","3.1%","7.9"
"2026/09/16","13","332","3.9%","8.1"
"2026/09/15","5","320","1.6%","8.8"
"2026/09/14","16","305","5.2%","8.7"
"2026/09/13","11","352","3.1%","7.6"
"2026/09/12","11","371","3%","7.5"
"2026/09/11","16","537","3%","8.0"
"2026/09/10","11","420","2.6%","8.0"
"2026/09/09","12","333","3.6%","8.0"
