ID,NAME,STATUS,BIO,SNS,GENRE,IMAGE,REF_COUNT,REFERENCED_BY,PAGE,VERDICT
198,198,(空),,,,,1,arch,○,削除可（参照1・情報なし）
acid-pauli,Acid Pauli,(空),,,,,1,festival-de-frue,○,削除可（参照1・情報なし）
adhemar,AdhéMar,(空),,,,,1,matricaria,○,削除可（参照1・情報なし）
akaaki-ito,Akaaki Ito,(空),,,,,0,,○,削除可（参照なし・情報なし）
akey,Akey,(空),,,,,0,,○,削除可（参照なし・情報なし）
akie,Akie,(空),,,,,1,matricaria,○,削除可（参照1・情報なし）
akihiro-suzuki,Akihiro Suzuki,(空),,,,,1,arch,○,削除可（参照1・情報なし）
akii,Akii,(空),,,,,1,waifu,○,削除可（参照1・情報なし）
akiram-en,AKIRAM EN,(空),,,,,1,etsuetsu,,削除可（参照1・情報なし）
alabaster-deplume,Alabaster DePlume,(空),,,,,1,festival-de-frue,○,削除可（参照1・情報なし）
aliceyuki,Aliceyuki,(空),,,,,2,etsuetsu / waifu,○,要検討（複数フェス参照）
allen-mock,Allen Mock,(空),,,,,1,matricaria,○,削除可（参照1・情報なし）
antal,Antal,(空),,,,,1,rainbow-disco-club,○,削除可（参照1・情報なし）
ao,青,(空),,,,,1,arch,○,削除可（参照1・情報なし）
aoki-takamasa,AOKI Takamasa,(空),,,,,1,letus-music-camp,,削除可（参照1・情報なし）
ayumu,Ayumu,(空),,,,,0,,○,削除可（参照なし・情報なし）
ben-ufo,Ben Ufo,(空),,,,,1,rainbow-disco-club,○,削除可（参照1・情報なし）
caimann,Caimann,(空),,,,,1,matricaria,○,削除可（参照1・情報なし）
calpiss,CALPISS,(空),,,,,2,etsuetsu / spring-love-harukaze,,要検討（複数フェス参照）
captain-k,Captain K,(空),,,,,1,arch,○,削除可（参照1・情報なし）
choko,Choko,(空),,,,,1,arch,○,削除可（参照1・情報なし）
cosmic-caz,Cosmic Caz,(空),,,,,1,waifu,○,削除可（参照1・情報なし）
daniel-bell,DANIEL BELL,(空),,,,,1,letus-music-camp,,削除可（参照1・情報なし）
daphni,Daphni,(空),,,,,1,rainbow-disco-club,○,削除可（参照1・情報なし）
dj-kensei,Dj Kensei,(空),,,,,2,ala / etsuetsu,○,要検討（複数フェス参照）
dj-krush,DJ KRUSH,(空),,,,,1,spring-love-harukaze,,削除可（参照1・情報なし）
dj-maria,Dj Maria.,(空),,,,,2,rainbow-disco-club / transcendence,○,要検討（複数フェス参照）
dj-miku,Dj Miku,(空),,,,,1,ala,○,削除可（参照1・情報なし）
dj-nobu,DJ Nobu,(空),○,,TECHNO,○,1,transcendence,○,要検討（情報あり）
dj-yazi,DJ Yazi,(空),,,,,1,matricaria,○,削除可（参照1・情報なし）
dj-yogurt,Dj Yogurt,(空),,,,,2,ala / etsuetsu,○,要検討（複数フェス参照）
doltz,Doltz,(空),,,,,0,,○,削除可（参照なし・情報なし）
dungeoneering,Dungeoneering,(空),,,,,1,rainbow-disco-club,○,削除可（参照1・情報なし）
endorphin,Endorphin,(空),,,,,1,arch,○,削除可（参照1・情報なし）
eric-cloutier,Eric Cloutier,(空),,,,,1,matricaria,○,削除可（参照1・情報なし）
feline,Feline,(空),,,,,1,rainbow-disco-club,○,削除可（参照1・情報なし）
floating-points,Floating Points,(空),,,,,1,rainbow-disco-club,○,削除可（参照1・情報なし）
four-tet,Four Tet,(空),,,,,1,rainbow-disco-club,○,削除可（参照1・情報なし）
freecinn,Freecinn,(空),,,,,0,,○,削除可（参照なし・情報なし）
fuji,FUJI,(空),,,,,1,matricaria,○,削除可（参照1・情報なし）
ga-su,Ga Su,(空),,,,,1,ala,○,削除可（参照1・情報なし）
gerd-janson,Gerd Janson,(空),,,,,1,rainbow-disco-club,○,削除可（参照1・情報なし）
gonno,Gonno,(空),,,,,2,matricaria / rainbow-disco-club,○,要検討（複数フェス参照）
ground,Ground,(空),,,,,2,etsuetsu / matricaria,○,要検討（複数フェス参照）
haai,Haai,(空),,,,,1,rainbow-disco-club,○,削除可（参照1・情報なし）
helena-hauff,Helena Hauff,(空),,,,,1,rainbow-disco-club,○,削除可（参照1・情報なし）
hidai,Hidai,(空),,,,,2,ala / paramount,○,要検討（複数フェス参照）
hunee,Hunee,(空),,,,,1,rainbow-disco-club,○,削除可（参照1・情報なし）
iron,Iron,(空),,,,,1,matricaria,○,削除可（参照1・情報なし）
janus-rose,Janus Rose,(空),,,,,1,waifu,○,削除可（参照1・情報なし）
joma,Joma,(空),,,,,1,matricaria,○,削除可（参照1・情報なし）
jonathan-kusuma,Jonathan Kusuma,(空),,,,,1,rainbow-disco-club,○,削除可（参照1・情報なし）
jonny-rock,Jonny Rock,(空),,,,,1,rainbow-disco-club,○,削除可（参照1・情報なし）
juana-molina,Juana Molina,(空),,,,,1,festival-de-frue,○,削除可（参照1・情報なし）
ken-ishii,KEN ISHII,(空),○,,TECHNO,○,0,,○,要検討（情報あり）
kevin-miyagi,Kevin Miyagi,(空),,,,,2,arch / etsuetsu,○,要検討（複数フェス参照）
kikiorix,Kikiorix,(空),,,,,2,rainbow-disco-club / spring-love-harukaze,○,要検討（複数フェス参照）
kiko-dinucci,Kiko Dinucci,(空),,,,,1,festival-de-frue,○,削除可（参照1・情報なし）
kohei,Kohei,(空),,,,,1,letus-music-camp,,削除可（参照1・情報なし）
kotsu,KOTSU,(空),○,,HOUSE / MINIMAL,○,0,,○,要検討（情報あり）
kuo-from-sunset-rollercoaster,Kuo From Sunset Rollercoaster,(空),,,,,1,festival-de-frue,○,削除可（参照1・情報なし）
liarako,Liarako,(空),,,,,1,ala,○,削除可（参照1・情報なし）
lowki,Lowki,(空),,,,,0,,○,削除可（参照なし・情報なし）
mala,Mala,(空),,,,,1,rainbow-disco-club,○,削除可（参照1・情報なし）
masa-aka-kyounote,Masa Aka Kyounote,(空),,,,,0,,○,削除可（参照なし・情報なし）
mayudepth,Mayudepth,(空),,,,,1,waifu,○,削除可（参照1・情報なし）
menou-iwamaki,Menou Iwamaki,(空),,,,,0,,○,削除可（参照なし・情報なし）
mimu,Mimu,(空),,,,,1,paramount,○,削除可（参照1・情報なし）
mio,Mio,(空),,,,,0,,○,削除可（参照なし・情報なし）
naotsun,Naotsun,(空),,,,,1,etsuetsu,○,削除可（参照1・情報なし）
nc4k,Nc4k(Stones Taro b2b Lomax),(空),,,,,1,rainbow-disco-club,○,削除可（参照1・情報なし）
norid,Norid,(空),,,,,0,,○,削除可（参照なし・情報なし）
noritake,Noritake,(空),,,,,1,matricaria,○,削除可（参照1・情報なし）
nutmeg,Nutmeg,(空),,,,,1,ala,○,削除可（参照1・情報なし）
ojisan,Ojisan,(空),,,,,1,matricaria,○,削除可（参照1・情報なし）
ouissam,Ouissam,(空),,,,,0,,○,削除可（参照なし・情報なし）
pianeti-sintetici,Pianeti Sintetici,(空),,,,,1,matricaria,○,削除可（参照1・情報なし）
prins-thomas,Prins Thomas,(空),,,,,1,matricaria,○,削除可（参照1・情報なし）
psychogem,Psychogem,(空),,,,,1,arch,○,削除可（参照1・情報なし）
qmico,Qmico,(空),,,,,1,ala,○,削除可（参照1・情報なし）
rami,RAMI,(空),,,,,2,99flags / matricaria,○,要検討（複数フェス参照）
sakuma,Sakuma,(空),,,,,0,,○,削除可（参照なし・情報なし）
seco,Seco,(空),,,,,0,,○,削除可（参照なし・情報なし）
shimoyan,Shimoyan,(空),,,,,0,,○,削除可（参照なし・情報なし）
sho,Sho,(空),,,,,1,arch,○,削除可（参照1・情報なし）
sisi,Sisi,(空),,,,,0,,○,削除可（参照なし・情報なし）
snipe1,Snipe1,(空),,,,,1,ala,○,削除可（参照1・情報なし）
space-drum-meditation,Space Drum Meditation,(空),,,,,1,paramount,,削除可（参照1・情報なし）
suguru-mochizuki,Suguru Mochizuki,(空),,,,,1,matricaria,○,削除可（参照1・情報なし）
suimin,Suimin,(空),,,,,3,etsuetsu / rural / spring-love-harukaze,,要検討（複数フェス参照）
sunga,SUNGA,(空),,,,,2,etsuetsu / matricaria,○,要検討（複数フェス参照）
suze-ij,Suze Ij,(空),,,,,0,,○,削除可（参照なし・情報なし）
sylvan-esso,Sylvan Esso,(空),,,,,1,festival-de-frue,○,削除可（参照1・情報なし）
tada,Tada,(空),,,,,0,,○,削除可（参照なし・情報なし）
taichi-kawahira,Taichi Kawahira,(空),,,,,1,ala,○,削除可（参照1・情報なし）
takehiro-imaizumi,Takehiro Imaizumi,(空),,,,,1,arch,○,削除可（参照1・情報なし）
tazzy,Tazzy,(空),,,,,1,arch,○,削除可（参照1・情報なし）
the-master-musicians-of-joujouka,The Master Musicians Of Joujouka,(空),,,,,1,festival-de-frue,○,削除可（参照1・情報なし）
tko,Tko,(空),,,,,1,arch,○,削除可（参照1・情報なし）
tmak,Tmak,(空),,,,,1,arch,○,削除可（参照1・情報なし）
tonbo,Tonbo,(空),,,,,0,,○,削除可（参照なし・情報なし）
tsutomu,Tsutomu,(空),,,,,1,ala,○,削除可（参照1・情報なし）
wata-igarashi,WATA IGARASHI,(空),○,,TECHNO,○,0,,○,要検討（情報あり）
yamarchy,Yamarchy,(空),,,,,2,rural / spring-love-harukaze,○,要検討（複数フェス参照）
yazzus,Yazzus,(空),,,,,1,waifu,○,削除可（参照1・情報なし）
yeark,Yeark,(空),,,,,1,arch,○,削除可（参照1・情報なし）
yellowuhuru,YELLOWUHURU,(空),,,,,2,etsuetsu / rural,,要検討（複数フェス参照）
you-forgot,You Forgot,(空),,,,,1,etsuetsu,,削除可（参照1・情報なし）
yukimasa,YUKIMASA,(空),,,,,1,matricaria,○,削除可（参照1・情報なし）
yuripon,Yuripon,(空),,,,,1,arch,○,削除可（参照1・情報なし）
zundoko-disco,ZUNDOKO DISCO,(空),,,,,1,spring-love-harukaze,,削除可（参照1・情報なし）
