"選択列","索引","ブラウザ / ブラウザ","アクティブ ユーザー","新規ユーザー数","エンゲージのあったセッション数","エンゲージメント率","エンゲージメントのあったセッション数（1 アクティブ ユーザーあたり）","アクティブ ユーザーあたりの平均エンゲージメント時間","イベント数 / すべてのイベント / すべてのイベント","キーイベント / すべてのイベント / すべてのイベント","合計収益"
"[] の [総計] セルが空です","[インデックス] 列の [総計] セルが空です","合計","4,854 / 全体の 100%","4,853 / 全体の 100%","1,155 / 全体の 100%","21.53% / 平均との差 0%","0.24 / 平均との差 0%","16 秒 / 平均との差 0%","24,796 / 全体の 100%","[キーイベント] 列の [総計] セルが空です / 0.00","[合計収益] 列の [総計] セルが空です / ¥0"
"","1","Chrome","3,956 (81.5%)","3,954 (81.48%)","428 (37.06%)","10.09%","0.11","9 秒","16,798 (67.74%)","0.00 (–)","¥0 (–)"
"","2","Safari","732 (15.08%)","731 (15.06%)","600 (51.95%)","60.12%","0.82","49 秒","6,773 (27.31%)","0.00 (–)","¥0 (–)"
"","3","Safari (in-app)","58 (1.19%)","58 (1.2%)","41 (3.55%)","65.08%","0.71","16 秒","370 (1.49%)","0.00 (–)","¥0 (–)"
"","4","Edge","46 (0.95%)","47 (0.97%)","39 (3.38%)","82.98%","0.85","1 分 10 秒","387 (1.56%)","0.00 (–)","¥0 (–)"
"","5","Android Webview","41 (0.84%)","41 (0.84%)","33 (2.86%)","75%","0.80","27 秒","291 (1.17%)","0.00 (–)","¥0 (–)"
"","6","Firefox","12 (0.25%)","12 (0.25%)","10 (0.87%)","71.43%","0.83","1 分 14 秒","133 (0.54%)","0.00 (–)","¥0 (–)"
"","7","Samsung Internet","5 (0.1%)","5 (0.1%)","3 (0.26%)","60%","0.60","17 秒","19 (0.08%)","0.00 (–)","¥0 (–)"
"","8","(not set)","3 (0.06%)","3 (0.06%)","1 (0.09%)","33.33%","0.33","0 秒","10 (0.04%)","0.00 (–)","¥0 (–)"
"","9","Opera","2 (0.04%)","2 (0.04%)","2 (0.17%)","100%","1.00","29 秒","15 (0.06%)","0.00 (–)","¥0 (–)"