"選択列","索引","ランディング ページ","セッション","アクティブ ユーザー","新規ユーザー数","セッションあたりの平均エンゲージメント時間","キーイベント / すべてのイベント / すべてのイベント","合計収益","セッション キーイベント率 / すべてのイベント / すべてのイベント"
"[] の [総計] セルが空です","[インデックス] 列の [総計] セルが空です","合計","1,799 / 全体の 100%","1,592 / 全体の 100%","1,582 / 全体の 100%","24 秒 / 平均との差 0%","[キーイベント] 列の [総計] セルが空です / 0.00","[合計収益] 列の [総計] セルが空です / ¥0","[セッション キーイベント率] 列の [総計] セルが空です / 0%"
"","1","/","358 (19.9%)","292 (18.34%)","285 (18.02%)","32 秒","0.00 (–)","¥0 (–)","0%"
"","2","/festivals.html","146 (8.12%)","140 (8.79%)","138 (8.72%)","40 秒","0.00 (–)","¥0 (–)","0%"
"","3","/festivals/big-fun.html","136 (7.56%)","131 (8.23%)","131 (8.28%)","36 秒","0.00 (–)","¥0 (–)","0%"
"","4","/festivals/ala.html","123 (6.84%)","123 (7.73%)","123 (7.77%)","1 秒","0.00 (–)","¥0 (–)","0%"
"","5","/artists.html","105 (5.84%)","87 (5.46%)","84 (5.31%)","0 秒","0.00 (–)","¥0 (–)","0%"
"","6","/en/festivals/ala.html","96 (5.34%)","96 (6.03%)","96 (6.07%)","1 秒","0.00 (–)","¥0 (–)","0%"
"","7","/artists/dj-nobu.html","80 (4.45%)","79 (4.96%)","79 (4.99%)","0 秒","0.00 (–)","¥0 (–)","0%"
"","8","/articles/transcendence-2025-report.html","77 (4.28%)","77 (4.84%)","77 (4.87%)","4 秒","0.00 (–)","¥0 (–)","0%"
"","9","/venues/womb.html","77 (4.28%)","77 (4.84%)","77 (4.87%)","0 秒","0.00 (–)","¥0 (–)","0%"
"","10","/festivals/forest-sound-camp.html","46 (2.56%)","40 (2.51%)","38 (2.4%)","14 秒","0.00 (–)","¥0 (–)","0%"
"","11","/festivals/re-birth-festival.html","44 (2.45%)","40 (2.51%)","35 (2.21%)","34 秒","0.00 (–)","¥0 (–)","0%"
"","12","/festivals/otsukimi.html","39 (2.17%)","32 (2.01%)","31 (1.96%)","22 秒","0.00 (–)","¥0 (–)","0%"
"","13","/articles/japan-festival-2026-september.html","27 (1.5%)","27 (1.7%)","27 (1.71%)","54 秒","0.00 (–)","¥0 (–)","0%"
"","14","(not set)","26 (1.45%)","17 (1.07%)","0 (0%)","0 秒","0.00 (–)","¥0 (–)","0%"
"","15","/articles/synapse-2026-info.html","26 (1.45%)","25 (1.57%)","23 (1.45%)","1 分 38 秒","0.00 (–)","¥0 (–)","0%"
"","16","/festivals/odyssey.html","26 (1.45%)","19 (1.19%)","19 (1.2%)","41 秒","0.00 (–)","¥0 (–)","0%"
"","17","/en/festivals/forest-sound-camp.html","23 (1.28%)","19 (1.19%)","19 (1.2%)","32 秒","0.00 (–)","¥0 (–)","0%"
"","18","/articles/otsukimi-2026-info.html","21 (1.17%)","20 (1.26%)","18 (1.14%)","1 分 03 秒","0.00 (–)","¥0 (–)","0%"
"","19","/articles/rebirth-2026-info.html","20 (1.11%)","16 (1.01%)","16 (1.01%)","1 分 01 秒","0.00 (–)","¥0 (–)","0%"
"","20","/articles/odyssey-2026-info.html","19 (1.06%)","19 (1.19%)","18 (1.14%)","1 分 34 秒","0.00 (–)","¥0 (–)","0%"
"","21","/festivals/e-groove.html","19 (1.06%)","12 (0.75%)","12 (0.76%)","40 秒","0.00 (–)","¥0 (–)","0%"
"","22","/en/festivals/labyrinth.html","18 (1%)","16 (1.01%)","16 (1.01%)","18 秒","0.00 (–)","¥0 (–)","0%"
"","23","/festivals/detox.html","17 (0.94%)","15 (0.94%)","15 (0.95%)","30 秒","0.00 (–)","¥0 (–)","0%"
"","24","/articles/loa-lost-paradise-2026-info.html","14 (0.78%)","14 (0.88%)","14 (0.88%)","31 秒","0.00 (–)","¥0 (–)","0%"
"","25","/en/festivals.html","14 (0.78%)","13 (0.82%)","13 (0.82%)","57 秒","0.00 (–)","¥0 (–)","0%"
"","26","/index.html","13 (0.72%)","11 (0.69%)","8 (0.51%)","3 秒","0.00 (–)","¥0 (–)","0%"
"","27","/artists/powder.html","12 (0.67%)","11 (0.69%)","11 (0.7%)","12 秒","0.00 (–)","¥0 (–)","0%"
"","28","/articles/snow-mashine-2027-info.html","9 (0.5%)","8 (0.5%)","8 (0.51%)","33 秒","0.00 (–)","¥0 (–)","0%"
"","29","/festivals/circus.html","9 (0.5%)","9 (0.57%)","8 (0.51%)","37 秒","0.00 (–)","¥0 (–)","0%"
"","30","/festivals/festival-de-frue.html","8 (0.44%)","8 (0.5%)","7 (0.44%)","15 秒","0.00 (–)","¥0 (–)","0%"
"","31","/festivals/fabulous.html","7 (0.39%)","2 (0.13%)","2 (0.13%)","14 秒","0.00 (–)","¥0 (–)","0%"
"","32","/en/index.html","6 (0.33%)","6 (0.38%)","6 (0.38%)","59 秒","0.00 (–)","¥0 (–)","0%"
"","33","/venues/circus-osaka.html","6 (0.33%)","6 (0.38%)","6 (0.38%)","1 分 48 秒","0.00 (–)","¥0 (–)","0%"
"","34","/about.html","5 (0.28%)","5 (0.31%)","5 (0.32%)","19 秒","0.00 (–)","¥0 (–)","0%"
"","35","/articles/forest-sound-camp-info.html","5 (0.28%)","5 (0.31%)","5 (0.32%)","43 秒","0.00 (–)","¥0 (–)","0%"
"","36","/en/festivals/moment.html","5 (0.28%)","4 (0.25%)","4 (0.25%)","3 秒","0.00 (–)","¥0 (–)","0%"
"","37","/festivals/ffkt.html","5 (0.28%)","3 (0.19%)","3 (0.19%)","11 秒","0.00 (–)","¥0 (–)","0%"
"","38","/festivals/one-park-festival.html","5 (0.28%)","5 (0.31%)","5 (0.32%)","31 秒","0.00 (–)","¥0 (–)","0%"
"","39","/en/festivals/festival-de-frue.html","4 (0.22%)","4 (0.25%)","4 (0.25%)","30 秒","0.00 (–)","¥0 (–)","0%"
"","40","/festivals/colors-presents-soundcamp.html","4 (0.22%)","4 (0.25%)","4 (0.25%)","43 秒","0.00 (–)","¥0 (–)","0%"
"","41","/festivals/yagura.html","4 (0.22%)","4 (0.25%)","4 (0.25%)","17 秒","0.00 (–)","¥0 (–)","0%"
"","42","/articles/bondisco-2026-info.html","3 (0.17%)","3 (0.19%)","2 (0.13%)","9 秒","0.00 (–)","¥0 (–)","0%"
"","43","/en/about.html","3 (0.17%)","3 (0.19%)","3 (0.19%)","41 秒","0.00 (–)","¥0 (–)","0%"
"","44","/en/festivals/odyssey.html","3 (0.17%)","3 (0.19%)","2 (0.13%)","21 秒","0.00 (–)","¥0 (–)","0%"
"","45","/en/festivals/re-birth-festival.html","3 (0.17%)","3 (0.19%)","2 (0.13%)","7 秒","0.00 (–)","¥0 (–)","0%"
"","46","/festivals/bondisco.html","3 (0.17%)","0 (0%)","0 (0%)","0 秒","0.00 (–)","¥0 (–)","0%"
"","47","/venues/club-joule.html","3 (0.17%)","3 (0.19%)","3 (0.19%)","7 秒","0.00 (–)","¥0 (–)","0%"
"","48","/venues/the-room.html","3 (0.17%)","3 (0.19%)","3 (0.19%)","1 秒","0.00 (–)","¥0 (–)","0%"
"","49","/venues/unit.html","3 (0.17%)","3 (0.19%)","3 (0.19%)","6 秒","0.00 (–)","¥0 (–)","0%"
"","50","/articles/asia-festival-2026-second.html","2 (0.11%)","2 (0.13%)","2 (0.13%)","7 秒","0.00 (–)","¥0 (–)","0%"
"","51","/articles/post-20251120.html","2 (0.11%)","2 (0.13%)","2 (0.13%)","27 秒","0.00 (–)","¥0 (–)","0%"
"","52","/artists/dj-kensei.html","2 (0.11%)","2 (0.13%)","2 (0.13%)","18 秒","0.00 (–)","¥0 (–)","0%"
"","53","/artists/gonno.html","2 (0.11%)","2 (0.13%)","2 (0.13%)","15 秒","0.00 (–)","¥0 (–)","0%"
"","54","/artists/hidai.html","2 (0.11%)","2 (0.13%)","2 (0.13%)","30 秒","0.00 (–)","¥0 (–)","0%"
"","55","/artists/taichi-kawahira.html","2 (0.11%)","2 (0.13%)","2 (0.13%)","17 秒","0.00 (–)","¥0 (–)","0%"
"","56","/en/artists.html","2 (0.11%)","2 (0.13%)","2 (0.13%)","11 秒","0.00 (–)","¥0 (–)","0%"
"","57","/en/festivals/annahme.html","2 (0.11%)","1 (0.06%)","1 (0.06%)","10 秒","0.00 (–)","¥0 (–)","0%"
"","58","/en/festivals/e-groove.html","2 (0.11%)","2 (0.13%)","2 (0.13%)","27 秒","0.00 (–)","¥0 (–)","0%"
"","59","/en/festivals/grow-the-culture-open-air.html","2 (0.11%)","2 (0.13%)","2 (0.13%)","10 秒","0.00 (–)","¥0 (–)","0%"
"","60","/en/festivals/intergalactic.html","2 (0.11%)","2 (0.13%)","2 (0.13%)","4 秒","0.00 (–)","¥0 (–)","0%"
"","61","/en/festivals/otsukimi.html","2 (0.11%)","2 (0.13%)","2 (0.13%)","39 秒","0.00 (–)","¥0 (–)","0%"
"","62","/en/festivals/yamauto.html","2 (0.11%)","2 (0.13%)","2 (0.13%)","10 秒","0.00 (–)","¥0 (–)","0%"
"","63","/festivals/grow-the-culture-open-air.html","2 (0.11%)","2 (0.13%)","1 (0.06%)","9 秒","0.00 (–)","¥0 (–)","0%"
"","64","/festivals/mutek.html","2 (0.11%)","2 (0.13%)","2 (0.13%)","0 秒","0.00 (–)","¥0 (–)","0%"
"","65","/festivals/synapse-festival.html","2 (0.11%)","2 (0.13%)","1 (0.06%)","18 秒","0.00 (–)","¥0 (–)","0%"
"","66","/venues/compufunk.html","2 (0.11%)","2 (0.13%)","2 (0.13%)","15 秒","0.00 (–)","¥0 (–)","0%"
"","67","/venues/mitsuki.html","2 (0.11%)","2 (0.13%)","2 (0.13%)","6 秒","0.00 (–)","¥0 (–)","0%"
"","68","/venues/saloon.html","2 (0.11%)","2 (0.13%)","2 (0.13%)","20 秒","0.00 (–)","¥0 (–)","0%"
"","69","/venues/solfa.html","2 (0.11%)","2 (0.13%)","2 (0.13%)","21 秒","0.00 (–)","¥0 (–)","0%"
"","70","/artists/dj-yogurt.html","1 (0.06%)","1 (0.06%)","1 (0.06%)","6 秒","0.00 (–)","¥0 (–)","0%"
"","71","/artists/ground.html","1 (0.06%)","1 (0.06%)","1 (0.06%)","26 秒","0.00 (–)","¥0 (–)","0%"
"","72","/artists/idjut-boys.html","1 (0.06%)","1 (0.06%)","1 (0.06%)","0 秒","0.00 (–)","¥0 (–)","0%"
"","73","/artists/jonathan-kusuma.html","1 (0.06%)","1 (0.06%)","1 (0.06%)","7 秒","0.00 (–)","¥0 (–)","0%"
"","74","/artists/kiko-dinucci.html","1 (0.06%)","1 (0.06%)","1 (0.06%)","11 秒","0.00 (–)","¥0 (–)","0%"
"","75","/artists/ysk.html","1 (0.06%)","1 (0.06%)","1 (0.06%)","12 秒","0.00 (–)","¥0 (–)","0%"
"","76","/en/articles/asia-festival-2026-second.html","1 (0.06%)","1 (0.06%)","1 (0.06%)","0 秒","0.00 (–)","¥0 (–)","0%"
"","77","/en/articles/forest-sound-camp-info.html","1 (0.06%)","1 (0.06%)","1 (0.06%)","12 秒","0.00 (–)","¥0 (–)","0%"
"","78","/en/articles/japan-festival-2026-september.html","1 (0.06%)","1 (0.06%)","1 (0.06%)","28 秒","0.00 (–)","¥0 (–)","0%"
"","79","/en/artists/dj-nobu.html","1 (0.06%)","1 (0.06%)","1 (0.06%)","29 秒","0.00 (–)","¥0 (–)","0%"
"","80","/en/artists/rami.html","1 (0.06%)","1 (0.06%)","1 (0.06%)","10 秒","0.00 (–)","¥0 (–)","0%"
"","81","/en/festivals/bondisco.html","1 (0.06%)","1 (0.06%)","1 (0.06%)","3 秒","0.00 (–)","¥0 (–)","0%"
"","82","/en/festivals/colors-presents-soundcamp.html","1 (0.06%)","1 (0.06%)","1 (0.06%)","3 分 20 秒","0.00 (–)","¥0 (–)","0%"
"","83","/en/festivals/detox.html","1 (0.06%)","1 (0.06%)","1 (0.06%)","18 秒","0.00 (–)","¥0 (–)","0%"
"","84","/en/festivals/dream-festival.html","1 (0.06%)","1 (0.06%)","1 (0.06%)","12 秒","0.00 (–)","¥0 (–)","0%"
"","85","/en/festivals/letus-music-camp.html","1 (0.06%)","1 (0.06%)","1 (0.06%)","0 秒","0.00 (–)","¥0 (–)","0%"
"","86","/en/festivals/lost-find.html","1 (0.06%)","1 (0.06%)","1 (0.06%)","1 分 01 秒","0.00 (–)","¥0 (–)","0%"
"","87","/en/festivals/ringo-festival.html","1 (0.06%)","0 (0%)","0 (0%)","0 秒","0.00 (–)","¥0 (–)","0%"
"","88","/en/festivals/samsara.html","1 (0.06%)","1 (0.06%)","1 (0.06%)","0 秒","0.00 (–)","¥0 (–)","0%"
"","89","/en/festivals/sawagi-festival.html","1 (0.06%)","1 (0.06%)","1 (0.06%)","26 秒","0.00 (–)","¥0 (–)","0%"
"","90","/en/festivals/the-star-festival.html","1 (0.06%)","1 (0.06%)","1 (0.06%)","51 秒","0.00 (–)","¥0 (–)","0%"
"","91","/en/venues/forestlimit.html","1 (0.06%)","1 (0.06%)","1 (0.06%)","0 秒","0.00 (–)","¥0 (–)","0%"
"","92","/en/venues/o-east.html","1 (0.06%)","1 (0.06%)","1 (0.06%)","4 秒","0.00 (–)","¥0 (–)","0%"
"","93","/festivals/arch.html","1 (0.06%)","1 (0.06%)","1 (0.06%)","10 秒","0.00 (–)","¥0 (–)","0%"
"","94","/festivals/car-multimedia.html","1 (0.06%)","1 (0.06%)","1 (0.06%)","4 秒","0.00 (–)","¥0 (–)","0%"
"","95","/festivals/labyrinth.html","1 (0.06%)","1 (0.06%)","1 (0.06%)","23 秒","0.00 (–)","¥0 (–)","0%"
"","96","/festivals/letus-music-camp.html","1 (0.06%)","1 (0.06%)","1 (0.06%)","1 分 15 秒","0.00 (–)","¥0 (–)","0%"
"","97","/festivals/loa-lost-paradise.html","1 (0.06%)","1 (0.06%)","1 (0.06%)","17 秒","0.00 (–)","¥0 (–)","0%"
"","98","/festivals/music.html","1 (0.06%)","1 (0.06%)","1 (0.06%)","19 秒","0.00 (–)","¥0 (–)","0%"
"","99","/festivals/paramount.html","1 (0.06%)","1 (0.06%)","1 (0.06%)","3 秒","0.00 (–)","¥0 (–)","0%"
"","100","/festivals/snow-machine-japan.html","1 (0.06%)","1 (0.06%)","0 (0%)","1 分 25 秒","0.00 (–)","¥0 (–)","0%"
"","101","/festivals/topia.html","1 (0.06%)","1 (0.06%)","0 (0%)","0 秒","0.00 (–)","¥0 (–)","0%"
"","102","/festivals/ultra-japan.html","1 (0.06%)","1 (0.06%)","1 (0.06%)","7 秒","0.00 (–)","¥0 (–)","0%"
"","103","/news.html","1 (0.06%)","1 (0.06%)","1 (0.06%)","1 分 25 秒","0.00 (–)","¥0 (–)","0%"
"","104","/venues.html","1 (0.06%)","1 (0.06%)","1 (0.06%)","1 分 35 秒","0.00 (–)","¥0 (–)","0%"
"","105","/venues/www.html","1 (0.06%)","1 (0.06%)","1 (0.06%)","5 秒","0.00 (–)","¥0 (–)","0%"