"選択列","索引","イベント名","イベント数","総ユーザー数","アクティブ ユーザーあたりのイベント数","合計収益","アクション"
"[] の [総計] セルが空です","[インデックス] 列の [総計] セルが空です","合計","24,796 / 全体の 100%","4,854 / 全体の 100%","5.11 / 平均との差 0%","[合計収益] 列の [総計] セルが空です / ¥0","[アクション] 列の [総計] セルが空です"
"","1","page_view","8,461 (34.12%)","4,854 (100%)","1.74","¥0 (–)",""
"","2","session_start","5,392 (21.75%)","4,854 (100%)","1.11","¥0 (–)",""
"","3","first_visit","4,853 (19.57%)","4,852 (99.96%)","1.00","¥0 (–)",""
"","4","user_engagement","3,266 (13.17%)","800 (16.48%)","4.11","¥0 (–)",""
"","5","scroll","1,262 (5.09%)","909 (18.73%)","1.39","¥0 (–)",""
"","6","festival_section_view","544 (2.19%)","168 (3.46%)","3.24","¥0 (–)",""
"","7","outbound_click","297 (1.2%)","168 (3.46%)","1.77","¥0 (–)",""
"","8","click","282 (1.14%)","154 (3.17%)","1.83","¥0 (–)",""
"","9","article_read_complete","251 (1.01%)","138 (2.84%)","1.82","¥0 (–)",""
"","10","festival_link_click","104 (0.42%)","52 (1.07%)","2.00","¥0 (–)",""
"","11","language_switch","75 (0.3%)","10 (0.21%)","7.50","¥0 (–)",""
"","12","form_start","3 (0.01%)","3 (0.06%)","1.00","¥0 (–)",""
"","13","favorite_add","2 (<0.01%)","2 (0.04%)","2.00","¥0 (–)",""
"","14","form_submit","2 (<0.01%)","2 (0.04%)","1.00","¥0 (–)",""
"","15","favorite_remove","1 (<0.01%)","1 (0.02%)","1.00","¥0 (–)",""
"","16","view_search_results","1 (<0.01%)","1 (0.02%)","1.00","¥0 (–)",""