"選択列","索引","ページパスとスクリーン クラス / ページパスとスクリーン クラス","表示回数","アクティブ ユーザー","アクティブ ユーザーあたりのビュー","アクティブ ユーザーあたりの平均エンゲージメント時間","イベント数 / すべてのイベント / すべてのイベント","キーイベント / すべてのイベント / すべてのイベント","合計収益"
"[] の [総計] セルが空です","[インデックス] 列の [総計] セルが空です","合計","3,130 / 全体の 100%","1,592 / 全体の 100%","1.97 / 平均との差 0%","27 秒 / 平均との差 0%","9,888 / 全体の 100%","[キーイベント] 列の [総計] セルが空です / 0.00","[合計収益] 列の [総計] セルが空です / ¥0"
"","1","/festivals.html","474 (15.14%)","208 (13.07%)","2.28","32 秒","1,036 (10.48%)","0.00 (–)","¥0 (–)"
"","2","/","414 (13.23%)","298 (18.72%)","1.39","10 秒","1,313 (13.28%)","0.00 (–)","¥0 (–)"
"","3","/artists.html","184 (5.88%)","123 (7.73%)","1.50","11 秒","431 (4.36%)","0.00 (–)","¥0 (–)"
"","4","/festivals/big-fun.html","159 (5.08%)","133 (8.35%)","1.20","30 秒","632 (6.39%)","0.00 (–)","¥0 (–)"
"","5","/festivals/ala.html","124 (3.96%)","124 (7.79%)","1.00","1 秒","421 (4.26%)","0.00 (–)","¥0 (–)"
"","6","/en/festivals/ala.html","96 (3.07%)","96 (6.03%)","1.00","1 秒","337 (3.41%)","0.00 (–)","¥0 (–)"
"","7","/artists/dj-nobu.html","82 (2.62%)","81 (5.09%)","1.01","0 秒","242 (2.45%)","0.00 (–)","¥0 (–)"
"","8","/articles/transcendence-2025-report.html","81 (2.59%)","81 (5.09%)","1.00","6 秒","319 (3.23%)","0.00 (–)","¥0 (–)"
"","9","/venues/womb.html","77 (2.46%)","77 (4.84%)","1.00","0 秒","231 (2.34%)","0.00 (–)","¥0 (–)"
"","10","/festivals/re-birth-festival.html","75 (2.4%)","50 (3.14%)","1.50","22 秒","280 (2.83%)","0.00 (–)","¥0 (–)"
"","11","/index.html","74 (2.36%)","45 (2.83%)","1.64","21 秒","176 (1.78%)","0.00 (–)","¥0 (–)"
"","12","/news.html","69 (2.2%)","25 (1.57%)","2.76","46 秒","124 (1.25%)","0.00 (–)","¥0 (–)"
"","13","/festivals/otsukimi.html","63 (2.01%)","43 (2.7%)","1.47","18 秒","288 (2.91%)","0.00 (–)","¥0 (–)"
"","14","/festivals/forest-sound-camp.html","58 (1.85%)","43 (2.7%)","1.35","16 秒","206 (2.08%)","0.00 (–)","¥0 (–)"
"","15","/articles/japan-festival-2026-september.html","57 (1.82%)","40 (2.51%)","1.43","49 秒","186 (1.88%)","0.00 (–)","¥0 (–)"
"","16","/en/festivals.html","50 (1.6%)","27 (1.7%)","1.85","27 秒","120 (1.21%)","0.00 (–)","¥0 (–)"
"","17","/articles/otsukimi-2026-info.html","43 (1.37%)","31 (1.95%)","1.39","1 分 07 秒","150 (1.52%)","0.00 (–)","¥0 (–)"
"","18","/articles/synapse-2026-info.html","42 (1.34%)","31 (1.95%)","1.35","1 分 10 秒","142 (1.44%)","0.00 (–)","¥0 (–)"
"","19","/festivals/odyssey.html","42 (1.34%)","25 (1.57%)","1.68","35 秒","199 (2.01%)","0.00 (–)","¥0 (–)"
"","20","/articles/rebirth-2026-info.html","35 (1.12%)","25 (1.57%)","1.40","1 分 02 秒","125 (1.26%)","0.00 (–)","¥0 (–)"
"","21","/festivals/detox.html","29 (0.93%)","24 (1.51%)","1.21","25 秒","109 (1.1%)","0.00 (–)","¥0 (–)"
"","22","/about.html","28 (0.89%)","25 (1.57%)","1.12","17 秒","79 (0.8%)","0.00 (–)","¥0 (–)"
"","23","/articles/odyssey-2026-info.html","28 (0.89%)","24 (1.51%)","1.17","1 分 10 秒","108 (1.09%)","0.00 (–)","¥0 (–)"
"","24","/festivals/circus.html","27 (0.86%)","21 (1.32%)","1.29","16 秒","108 (1.09%)","0.00 (–)","¥0 (–)"
"","25","/festivals/ffkt.html","27 (0.86%)","17 (1.07%)","1.59","15 秒","94 (0.95%)","0.00 (–)","¥0 (–)"
"","26","/en/festivals/labyrinth.html","26 (0.83%)","22 (1.38%)","1.18","26 秒","131 (1.32%)","0.00 (–)","¥0 (–)"
"","27","/articles/asia-festival-2026-second.html","25 (0.8%)","12 (0.75%)","2.08","29 秒","53 (0.54%)","0.00 (–)","¥0 (–)"
"","28","/en/festivals/forest-sound-camp.html","25 (0.8%)","20 (1.26%)","1.25","20 秒","102 (1.03%)","0.00 (–)","¥0 (–)"
"","29","/festivals/e-groove.html","23 (0.73%)","12 (0.75%)","1.92","29 秒","88 (0.89%)","0.00 (–)","¥0 (–)"
"","30","/festivals/labyrinth.html","23 (0.73%)","19 (1.19%)","1.21","23 秒","109 (1.1%)","0.00 (–)","¥0 (–)"
"","31","/festivals/festival-de-frue.html","22 (0.7%)","18 (1.13%)","1.22","18 秒","76 (0.77%)","0.00 (–)","¥0 (–)"
"","32","/articles/snow-mashine-2027-info.html","21 (0.67%)","16 (1.01%)","1.31","32 秒","74 (0.75%)","0.00 (–)","¥0 (–)"
"","33","/venues.html","21 (0.67%)","14 (0.88%)","1.50","28 秒","49 (0.5%)","0.00 (–)","¥0 (–)"
"","34","/festivals/colors-presents-soundcamp.html","19 (0.61%)","14 (0.88%)","1.36","22 秒","54 (0.55%)","0.00 (–)","¥0 (–)"
"","35","/festivals/grow-the-culture-open-air.html","18 (0.58%)","16 (1.01%)","1.13","20 秒","70 (0.71%)","0.00 (–)","¥0 (–)"
"","36","/articles/forest-sound-camp-info.html","17 (0.54%)","16 (1.01%)","1.06","27 秒","55 (0.56%)","0.00 (–)","¥0 (–)"
"","37","/festivals/mutek.html","17 (0.54%)","17 (1.07%)","1.00","17 秒","51 (0.52%)","0.00 (–)","¥0 (–)"
"","38","/festivals/synapse-festival.html","17 (0.54%)","11 (0.69%)","1.55","25 秒","60 (0.61%)","0.00 (–)","¥0 (–)"
"","39","/festivals/lost-find.html","15 (0.48%)","10 (0.63%)","1.50","32 秒","68 (0.69%)","0.00 (–)","¥0 (–)"
"","40","/articles/loa-lost-paradise-2026-info.html","14 (0.45%)","14 (0.88%)","1.00","31 秒","66 (0.67%)","0.00 (–)","¥0 (–)"
"","41","/articles/shifumiz-2026-info.html","14 (0.45%)","9 (0.57%)","1.56","44 秒","37 (0.37%)","0.00 (–)","¥0 (–)"
"","42","/artists/powder.html","13 (0.42%)","11 (0.69%)","1.18","13 秒","52 (0.53%)","0.00 (–)","¥0 (–)"
"","43","/en/index.html","12 (0.38%)","11 (0.69%)","1.09","10 秒","33 (0.33%)","0.00 (–)","¥0 (–)"
"","44","/festivals/fabulous.html","11 (0.35%)","3 (0.19%)","3.67","41 秒","38 (0.38%)","0.00 (–)","¥0 (–)"
"","45","/festivals/ringo-festival.html","11 (0.35%)","8 (0.5%)","1.38","23 秒","48 (0.49%)","0.00 (–)","¥0 (–)"
"","46","/festivals/wonderfruit-kyoto.html","11 (0.35%)","11 (0.69%)","1.00","27 秒","57 (0.58%)","0.00 (–)","¥0 (–)"
"","47","/festivals/sawagi-festival.html","9 (0.29%)","8 (0.5%)","1.13","23 秒","40 (0.4%)","0.00 (–)","¥0 (–)"
"","48","/festivals/ultra-japan.html","9 (0.29%)","8 (0.5%)","1.13","14 秒","27 (0.27%)","0.00 (–)","¥0 (–)"
"","49","/en/festivals/festival-de-frue.html","8 (0.26%)","7 (0.44%)","1.14","17 秒","45 (0.46%)","0.00 (–)","¥0 (–)"
"","50","/festivals/annahme.html","8 (0.26%)","5 (0.31%)","1.60","10 秒","18 (0.18%)","0.00 (–)","¥0 (–)"
"","51","/festivals/topia.html","8 (0.26%)","5 (0.31%)","1.60","16 秒","24 (0.24%)","0.00 (–)","¥0 (–)"
"","52","/festivals/yagura.html","8 (0.26%)","7 (0.44%)","1.14","16 秒","23 (0.23%)","0.00 (–)","¥0 (–)"
"","53","/venues/circus-osaka.html","8 (0.26%)","7 (0.44%)","1.14","15 秒","31 (0.31%)","0.00 (–)","¥0 (–)"
"","54","/festivals/one-park-festival.html","7 (0.22%)","6 (0.38%)","1.17","6 秒","27 (0.27%)","0.00 (–)","¥0 (–)"
"","55","/articles/bondisco-2026-info.html","6 (0.19%)","6 (0.38%)","1.00","21 秒","24 (0.24%)","0.00 (–)","¥0 (–)"
"","56","/en/about.html","6 (0.19%)","5 (0.31%)","1.20","28 秒","19 (0.19%)","0.00 (–)","¥0 (–)"
"","57","/en/articles/asia-festival-2026-second.html","6 (0.19%)","2 (0.13%)","3.00","14 秒","13 (0.13%)","0.00 (–)","¥0 (–)"
"","58","/en/artists.html","6 (0.19%)","4 (0.25%)","1.50","19 秒","13 (0.13%)","0.00 (–)","¥0 (–)"
"","59","/en/festivals/moment.html","6 (0.19%)","4 (0.25%)","1.50","4 秒","21 (0.21%)","0.00 (–)","¥0 (–)"
"","60","/en/festivals/re-birth-festival.html","6 (0.19%)","4 (0.25%)","1.50","10 秒","18 (0.18%)","0.00 (–)","¥0 (–)"
"","61","/festivals/each-story.html","6 (0.19%)","5 (0.31%)","1.20","36 秒","19 (0.19%)","0.00 (–)","¥0 (–)"
"","62","/artists/hidai.html","5 (0.16%)","3 (0.19%)","1.67","16 秒","14 (0.14%)","0.00 (–)","¥0 (–)"
"","63","/en/festivals/grow-the-culture-open-air.html","5 (0.16%)","5 (0.31%)","1.00","13 秒","23 (0.23%)","0.00 (–)","¥0 (–)"
"","64","/en/festivals/odyssey.html","5 (0.16%)","4 (0.25%)","1.25","20 秒","27 (0.27%)","0.00 (–)","¥0 (–)"
"","65","/en/festivals/wonderfruit-kyoto.html","5 (0.16%)","5 (0.31%)","1.00","29 秒","14 (0.14%)","0.00 (–)","¥0 (–)"
"","66","/festivals/snow-machine-japan.html","5 (0.16%)","5 (0.31%)","1.00","18 秒","16 (0.16%)","0.00 (–)","¥0 (–)"
"","67","/festivals/treks.html","5 (0.16%)","5 (0.31%)","1.00","13 秒","16 (0.16%)","0.00 (–)","¥0 (–)"
"","68","/artists/four-tet.html","4 (0.13%)","3 (0.19%)","1.33","4 秒","10 (0.1%)","0.00 (–)","¥0 (–)"
"","69","/en/festivals/annahme.html","4 (0.13%)","2 (0.13%)","2.00","17 秒","18 (0.18%)","0.00 (–)","¥0 (–)"
"","70","/en/festivals/lost-find.html","4 (0.13%)","3 (0.19%)","1.33","28 秒","17 (0.17%)","0.00 (–)","¥0 (–)"
"","71","/en/festivals/one-park-festival.html","4 (0.13%)","2 (0.13%)","2.00","14 秒","9 (0.09%)","0.00 (–)","¥0 (–)"
"","72","/en/venues.html","4 (0.13%)","4 (0.25%)","1.00","7 秒","8 (0.08%)","0.00 (–)","¥0 (–)"
"","73","/festivals/bondisco.html","4 (0.13%)","1 (0.06%)","4.00","24 秒","10 (0.1%)","0.00 (–)","¥0 (–)"
"","74","/venues/unit.html","4 (0.13%)","4 (0.25%)","1.00","7 秒","20 (0.2%)","0.00 (–)","¥0 (–)"
"","75","/articles/post-20251120.html","3 (0.1%)","3 (0.19%)","1.00","19 秒","10 (0.1%)","0.00 (–)","¥0 (–)"
"","76","/artists/gonno.html","3 (0.1%)","3 (0.19%)","1.00","15 秒","9 (0.09%)","0.00 (–)","¥0 (–)"
"","77","/artists/so.html","3 (0.1%)","3 (0.19%)","1.00","9 秒","8 (0.08%)","0.00 (–)","¥0 (–)"
"","78","/en/articles/synapse-2026-info.html","3 (0.1%)","2 (0.13%)","1.50","0 秒","3 (0.03%)","0.00 (–)","¥0 (–)"
"","79","/en/festivals/otsukimi.html","3 (0.1%)","2 (0.13%)","1.50","24 秒","10 (0.1%)","0.00 (–)","¥0 (–)"
"","80","/en/festivals/sawagi-festival.html","3 (0.1%)","2 (0.13%)","1.50","12 秒","12 (0.12%)","0.00 (–)","¥0 (–)"
"","81","/en/news.html","3 (0.1%)","3 (0.19%)","1.00","21 秒","6 (0.06%)","0.00 (–)","¥0 (–)"
"","82","/venues/club-joule.html","3 (0.1%)","3 (0.19%)","1.00","7 秒","13 (0.13%)","0.00 (–)","¥0 (–)"
"","83","/venues/compufunk.html","3 (0.1%)","3 (0.19%)","1.00","29 秒","13 (0.13%)","0.00 (–)","¥0 (–)"
"","84","/venues/mitsuki.html","3 (0.1%)","3 (0.19%)","1.00","6 秒","13 (0.13%)","0.00 (–)","¥0 (–)"
"","85","/venues/the-room.html","3 (0.1%)","3 (0.19%)","1.00","1 秒","12 (0.12%)","0.00 (–)","¥0 (–)"
"","86","/artists/anthony-linell.html","2 (0.06%)","2 (0.13%)","1.00","2 秒","5 (0.05%)","0.00 (–)","¥0 (–)"
"","87","/artists/dj-hi-c.html","2 (0.06%)","1 (0.06%)","2.00","3 秒","3 (0.03%)","0.00 (–)","¥0 (–)"
"","88","/artists/dj-kensei.html","2 (0.06%)","2 (0.13%)","1.00","18 秒","9 (0.09%)","0.00 (–)","¥0 (–)"
"","89","/artists/dj-yogurt.html","2 (0.06%)","2 (0.13%)","1.00","13 秒","7 (0.07%)","0.00 (–)","¥0 (–)"
"","90","/artists/efdemin.html","2 (0.06%)","2 (0.13%)","1.00","1 秒","5 (0.05%)","0.00 (–)","¥0 (–)"
"","91","/artists/ge-ology.html","2 (0.06%)","2 (0.13%)","1.00","5 秒","4 (0.04%)","0.00 (–)","¥0 (–)"
"","92","/artists/ground.html","2 (0.06%)","2 (0.13%)","1.00","25 秒","10 (0.1%)","0.00 (–)","¥0 (–)"
"","93","/artists/haruka.html","2 (0.06%)","2 (0.13%)","1.00","1 秒","4 (0.04%)","0.00 (–)","¥0 (–)"
"","94","/artists/kiko-dinucci.html","2 (0.06%)","2 (0.13%)","1.00","8 秒","6 (0.06%)","0.00 (–)","¥0 (–)"
"","95","/artists/taichi-kawahira.html","2 (0.06%)","2 (0.13%)","1.00","17 秒","10 (0.1%)","0.00 (–)","¥0 (–)"
"","96","/artists/vril.html","2 (0.06%)","2 (0.13%)","1.00","2 秒","4 (0.04%)","0.00 (–)","¥0 (–)"
"","97","/en/articles/japan-festival-2026-september.html","2 (0.06%)","2 (0.13%)","1.00","14 秒","5 (0.05%)","0.00 (–)","¥0 (–)"
"","98","/en/articles/snow-mashine-2027-info.html","2 (0.06%)","1 (0.06%)","2.00","11 秒","4 (0.04%)","0.00 (–)","¥0 (–)"
"","99","/en/artists/ken-ishii.html","2 (0.06%)","1 (0.06%)","2.00","5 秒","4 (0.04%)","0.00 (–)","¥0 (–)"
"","100","/en/artists/kyomi.html","2 (0.06%)","1 (0.06%)","2.00","17 秒","5 (0.05%)","0.00 (–)","¥0 (–)"
"","101","/en/festivals/circus.html","2 (0.06%)","2 (0.13%)","1.00","7 秒","4 (0.04%)","0.00 (–)","¥0 (–)"
"","102","/en/festivals/e-groove.html","2 (0.06%)","2 (0.13%)","1.00","27 秒","11 (0.11%)","0.00 (–)","¥0 (–)"
"","103","/en/festivals/each-story.html","2 (0.06%)","1 (0.06%)","2.00","12 秒","6 (0.06%)","0.00 (–)","¥0 (–)"
"","104","/en/festivals/intergalactic.html","2 (0.06%)","2 (0.13%)","1.00","3 秒","9 (0.09%)","0.00 (–)","¥0 (–)"
"","105","/en/festivals/mutek.html","2 (0.06%)","2 (0.13%)","1.00","29 秒","9 (0.09%)","0.00 (–)","¥0 (–)"
"","106","/en/festivals/ringo-festival.html","2 (0.06%)","1 (0.06%)","2.00","1 分 07 秒","9 (0.09%)","0.00 (–)","¥0 (–)"
"","107","/en/festivals/treks.html","2 (0.06%)","1 (0.06%)","2.00","10 秒","6 (0.06%)","0.00 (–)","¥0 (–)"
"","108","/en/festivals/yamauto.html","2 (0.06%)","2 (0.13%)","1.00","10 秒","8 (0.08%)","0.00 (–)","¥0 (–)"
"","109","/festivals/letus-music-camp.html","2 (0.06%)","1 (0.06%)","2.00","14 秒","6 (0.06%)","0.00 (–)","¥0 (–)"
"","110","/festivals/paramount.html","2 (0.06%)","2 (0.13%)","1.00","6 秒","9 (0.09%)","0.00 (–)","¥0 (–)"
"","111","/venues/liquidroom.html","2 (0.06%)","2 (0.13%)","1.00","8 秒","7 (0.07%)","0.00 (–)","¥0 (–)"
"","112","/venues/noon.html","2 (0.06%)","1 (0.06%)","2.00","27 秒","5 (0.05%)","0.00 (–)","¥0 (–)"
"","113","/venues/saloon.html","2 (0.06%)","2 (0.13%)","1.00","20 秒","9 (0.09%)","0.00 (–)","¥0 (–)"
"","114","/venues/solfa.html","2 (0.06%)","2 (0.13%)","1.00","21 秒","11 (0.11%)","0.00 (–)","¥0 (–)"
"","115","/venues/www.html","2 (0.06%)","2 (0.13%)","1.00","8 秒","9 (0.09%)","0.00 (–)","¥0 (–)"
"","116","/artists/acid-pauli.html","1 (0.03%)","1 (0.06%)","1.00","6 秒","2 (0.02%)","0.00 (–)","¥0 (–)"
"","117","/artists/allen-mock.html","1 (0.03%)","1 (0.06%)","1.00","3 秒","3 (0.03%)","0.00 (–)","¥0 (–)"
"","118","/artists/architectural.html","1 (0.03%)","1 (0.06%)","1.00","3 秒","3 (0.03%)","0.00 (–)","¥0 (–)"
"","119","/artists/donato-dozzy.html","1 (0.03%)","1 (0.06%)","1.00","1 秒","2 (0.02%)","0.00 (–)","¥0 (–)"
"","120","/artists/herbalistek.html","1 (0.03%)","1 (0.06%)","1.00","0 秒","1 (0.01%)","0.00 (–)","¥0 (–)"
"","121","/artists/idjut-boys.html","1 (0.03%)","1 (0.06%)","1.00","0 秒","3 (0.03%)","0.00 (–)","¥0 (–)"
"","122","/artists/jonathan-kusuma.html","1 (0.03%)","1 (0.06%)","1.00","7 秒","4 (0.04%)","0.00 (–)","¥0 (–)"
"","123","/artists/joris-voorn.html","1 (0.03%)","1 (0.06%)","1.00","5 秒","2 (0.02%)","0.00 (–)","¥0 (–)"
"","124","/artists/juana-molina.html","1 (0.03%)","1 (0.06%)","1.00","4 秒","2 (0.02%)","0.00 (–)","¥0 (–)"
"","125","/artists/ken-ishii.html","1 (0.03%)","1 (0.06%)","1.00","8 秒","2 (0.02%)","0.00 (–)","¥0 (–)"
"","126","/artists/mr-disco-kid.html","1 (0.03%)","1 (0.06%)","1.00","4 秒","3 (0.03%)","0.00 (–)","¥0 (–)"
"","127","/artists/napirelly.html","1 (0.03%)","1 (0.06%)","1.00","2 秒","2 (0.02%)","0.00 (–)","¥0 (–)"
"","128","/artists/petar-dundov.html","1 (0.03%)","1 (0.06%)","1.00","2 秒","2 (0.02%)","0.00 (–)","¥0 (–)"
"","129","/artists/qmico.html","1 (0.03%)","1 (0.06%)","1.00","0 秒","1 (0.01%)","0.00 (–)","¥0 (–)"
"","130","/artists/rrose.html","1 (0.03%)","1 (0.06%)","1.00","7 秒","3 (0.03%)","0.00 (–)","¥0 (–)"
"","131","/artists/wata-igarashi.html","1 (0.03%)","1 (0.06%)","1.00","4 秒","2 (0.02%)","0.00 (–)","¥0 (–)"
"","132","/artists/yama.html","1 (0.03%)","1 (0.06%)","1.00","1 秒","2 (0.02%)","0.00 (–)","¥0 (–)"
"","133","/artists/ysk.html","1 (0.03%)","1 (0.06%)","1.00","12 秒","5 (0.05%)","0.00 (–)","¥0 (–)"
"","134","/en/articles/forest-sound-camp-info.html","1 (0.03%)","1 (0.06%)","1.00","12 秒","4 (0.04%)","0.00 (–)","¥0 (–)"
"","135","/en/articles/otsukimi-2026-info.html","1 (0.03%)","1 (0.06%)","1.00","13 秒","2 (0.02%)","0.00 (–)","¥0 (–)"
"","136","/en/articles/rebirth-2026-info.html","1 (0.03%)","1 (0.06%)","1.00","8 秒","2 (0.02%)","0.00 (–)","¥0 (–)"
"","137","/en/artists/architectural.html","1 (0.03%)","1 (0.06%)","1.00","22 秒","3 (0.03%)","0.00 (–)","¥0 (–)"
"","138","/en/artists/dj-nobu.html","1 (0.03%)","1 (0.06%)","1.00","29 秒","4 (0.04%)","0.00 (–)","¥0 (–)"
"","139","/en/artists/jonathan-fitoussi.html","1 (0.03%)","1 (0.06%)","1.00","4 秒","2 (0.02%)","0.00 (–)","¥0 (–)"
"","140","/en/artists/napirelly.html","1 (0.03%)","1 (0.06%)","1.00","1 秒","2 (0.02%)","0.00 (–)","¥0 (–)"
"","141","/en/artists/petar-dundov.html","1 (0.03%)","1 (0.06%)","1.00","5 秒","2 (0.02%)","0.00 (–)","¥0 (–)"
"","142","/en/artists/rami.html","1 (0.03%)","1 (0.06%)","1.00","10 秒","4 (0.04%)","0.00 (–)","¥0 (–)"
"","143","/en/artists/reeko.html","1 (0.03%)","1 (0.06%)","1.00","3 秒","2 (0.02%)","0.00 (–)","¥0 (–)"
"","144","/en/festivals/big-fun.html","1 (0.03%)","1 (0.06%)","1.00","6 秒","2 (0.02%)","0.00 (–)","¥0 (–)"
"","145","/en/festivals/bondisco.html","1 (0.03%)","1 (0.06%)","1.00","3 秒","4 (0.04%)","0.00 (–)","¥0 (–)"
"","146","/en/festivals/colors-presents-soundcamp.html","1 (0.03%)","1 (0.06%)","1.00","7 秒","5 (0.05%)","0.00 (–)","¥0 (–)"
"","147","/en/festivals/detox.html","1 (0.03%)","1 (0.06%)","1.00","28 秒","10 (0.1%)","0.00 (–)","¥0 (–)"
"","148","/en/festivals/dream-festival.html","1 (0.03%)","1 (0.06%)","1.00","12 秒","5 (0.05%)","0.00 (–)","¥0 (–)"
"","149","/en/festivals/ffkt.html","1 (0.03%)","1 (0.06%)","1.00","11 秒","2 (0.02%)","0.00 (–)","¥0 (–)"
"","150","/en/festivals/letus-music-camp.html","1 (0.03%)","1 (0.06%)","1.00","0 秒","3 (0.03%)","0.00 (–)","¥0 (–)"
"","151","/en/festivals/nu-festival.html","1 (0.03%)","1 (0.06%)","1.00","6 秒","2 (0.02%)","0.00 (–)","¥0 (–)"
"","152","/en/festivals/samsara.html","1 (0.03%)","1 (0.06%)","1.00","0 秒","4 (0.04%)","0.00 (–)","¥0 (–)"
"","153","/en/festivals/synapse-festival.html","1 (0.03%)","1 (0.06%)","1.00","6 秒","5 (0.05%)","0.00 (–)","¥0 (–)"
"","154","/en/festivals/the-star-festival.html","1 (0.03%)","1 (0.06%)","1.00","5 秒","4 (0.04%)","0.00 (–)","¥0 (–)"
"","155","/en/festivals/ultra-japan.html","1 (0.03%)","1 (0.06%)","1.00","16 秒","3 (0.03%)","0.00 (–)","¥0 (–)"
"","156","/en/festivals/yagura.html","1 (0.03%)","1 (0.06%)","1.00","5 秒","2 (0.02%)","0.00 (–)","¥0 (–)"
"","157","/en/venues/forestlimit.html","1 (0.03%)","1 (0.06%)","1.00","0 秒","3 (0.03%)","0.00 (–)","¥0 (–)"
"","158","/en/venues/o-east.html","1 (0.03%)","1 (0.06%)","1.00","4 秒","4 (0.04%)","0.00 (–)","¥0 (–)"
"","159","/en/venues/vent.html","1 (0.03%)","1 (0.06%)","1.00","23 秒","2 (0.02%)","0.00 (–)","¥0 (–)"
"","160","/festivals/arch.html","1 (0.03%)","1 (0.06%)","1.00","10 秒","5 (0.05%)","0.00 (–)","¥0 (–)"
"","161","/festivals/car-multimedia.html","1 (0.03%)","1 (0.06%)","1.00","4 秒","4 (0.04%)","0.00 (–)","¥0 (–)"
"","162","/festivals/festival40010.html","1 (0.03%)","1 (0.06%)","1.00","6 秒","2 (0.02%)","0.00 (–)","¥0 (–)"
"","163","/festivals/intergalactic.html","1 (0.03%)","1 (0.06%)","1.00","1 秒","2 (0.02%)","0.00 (–)","¥0 (–)"
"","164","/festivals/iyasaka-rave-festival.html","1 (0.03%)","1 (0.06%)","1.00","10 秒","3 (0.03%)","0.00 (–)","¥0 (–)"
"","165","/festivals/loa-lost-paradise.html","1 (0.03%)","1 (0.06%)","1.00","17 秒","6 (0.06%)","0.00 (–)","¥0 (–)"
"","166","/festivals/matricaria.html","1 (0.03%)","1 (0.06%)","1.00","2 秒","3 (0.03%)","0.00 (–)","¥0 (–)"
"","167","/festivals/mori-michi-ichiba.html","1 (0.03%)","1 (0.06%)","1.00","3 秒","2 (0.02%)","0.00 (–)","¥0 (–)"
"","168","/festivals/music.html","1 (0.03%)","1 (0.06%)","1.00","8 秒","8 (0.08%)","0.00 (–)","¥0 (–)"
"","169","/festivals/rare-groove.html","1 (0.03%)","1 (0.06%)","1.00","18 秒","2 (0.02%)","0.00 (–)","¥0 (–)"
"","170","/festivals/rural.html","1 (0.03%)","1 (0.06%)","1.00","56 秒","4 (0.04%)","0.00 (–)","¥0 (–)"
"","171","/festivals/takarajima-beach-cleaning-party.html","1 (0.03%)","1 (0.06%)","1.00","15 秒","4 (0.04%)","0.00 (–)","¥0 (–)"
"","172","/venues/circus-tokyo.html","1 (0.03%)","1 (0.06%)","1.00","9 秒","2 (0.02%)","0.00 (–)","¥0 (–)"
"","173","/venues/forestlimit.html","1 (0.03%)","1 (0.06%)","1.00","27 秒","4 (0.04%)","0.00 (–)","¥0 (–)"
"","174","/venues/vent.html","1 (0.03%)","1 (0.06%)","1.00","27 秒","3 (0.03%)","0.00 (–)","¥0 (–)"